Entry,SIDC
SPECIAL OPERATIONS FORCE (SOF) UNIT,S*F*------
SPECIAL OPERATIONS FORCE (SOF) UNIT SOF UNIT AVIATION,S*F*A-----
SPECIAL OPERATIONS FORCE (SOF) UNIT SOF UNIT AVIATION SOF UNIT FIXED WING,S*F*AF----
SPECIAL OPERATIONS FORCE (SOF) UNIT SOF UNIT AVIATION SOF UNIT FIXED WING SOF UNIT ATTACK,S*F*AFA---
SPECIAL OPERATIONS FORCE (SOF) UNIT SOF UNIT AVIATION SOF UNIT FIXED WING SOF UNIT REFUEL,S*F*AFK---
SPECIAL OPERATIONS FORCE (SOF) UNIT SOF UNIT AVIATION SOF UNIT FIXED WING SOF UNIT UTILITY,S*F*AFU---
SPECIAL OPERATIONS FORCE (SOF) UNIT SOF UNIT AVIATION SOF UNIT FIXED WING SOF UNIT UTILITY SOF UNIT UTILITY (LIGHT),S*F*AFUL--
SPECIAL OPERATIONS FORCE (SOF) UNIT SOF UNIT AVIATION SOF UNIT FIXED WING SOF UNIT UTILITY SOF UNIT UTILITY (MEDIUM),S*F*AFUM--
SPECIAL OPERATIONS FORCE (SOF) UNIT SOF UNIT AVIATION SOF UNIT FIXED WING SOF UNIT UTILITY SOF UNIT UTILITY (HEAVY),S*F*AFUH--
SPECIAL OPERATIONS FORCE (SOF) UNIT SOF UNIT AVIATION SOF UNIT VSTOL,S*F*AV----
SPECIAL OPERATIONS FORCE (SOF) UNIT SOF UNIT AVIATION SOF UNIT ROTARY WING,S*F*AH----
SPECIAL OPERATIONS FORCE (SOF) UNIT SOF UNIT AVIATION SOF UNIT ROTARY WING SOF UNIT COMBAT SEARCH AND RESCUE,S*F*AHH---
SPECIAL OPERATIONS FORCE (SOF) UNIT SOF UNIT AVIATION SOF UNIT ROTARY WING SOF UNIT ATTACK,S*F*AHA---
SPECIAL OPERATIONS FORCE (SOF) UNIT SOF UNIT AVIATION SOF UNIT ROTARY WING SOF UNIT UTILITY,S*F*AHU---
SPECIAL OPERATIONS FORCE (SOF) UNIT SOF UNIT AVIATION SOF UNIT ROTARY WING SOF UNIT UTILITY SOF UNIT UTILITY (LIGHT),S*F*AHUL--
SPECIAL OPERATIONS FORCE (SOF) UNIT SOF UNIT AVIATION SOF UNIT ROTARY WING SOF UNIT UTILITY SOF UNIT UTILITY (MEDIUM),S*F*AHUM--
SPECIAL OPERATIONS FORCE (SOF) UNIT SOF UNIT AVIATION SOF UNIT ROTARY WING SOF UNIT UTILITY SOF UNIT UTILITY (HEAVY),S*F*AHUH--
SPECIAL OPERATIONS FORCE (SOF) UNIT SOF UNIT SOF UNIT NAVAL,S*F*SN----
SPECIAL OPERATIONS FORCE (SOF) UNIT SOF UNIT SOF UNIT NAVAL SOF UNIT SEAL,S*F*SNS---
SPECIAL OPERATIONS FORCE (SOF) UNIT SOF UNIT SOF UNIT NAVAL SOF UNIT UNDERWATER DEMOLITION TEAM,S*F*SNU---
SPECIAL OPERATIONS FORCE (SOF) UNIT SOF UNIT SOF UNIT NAVAL SOF UNIT SPECIAL BOAT,S*F*SNB---
SPECIAL OPERATIONS FORCE (SOF) UNIT SOF UNIT SOF UNIT NAVAL SOF UNIT SPECIAL SSNR,S*F*SNN---
SPECIAL OPERATIONS FORCE (SOF) UNIT SOF UNIT GROUND,S*F*G-----
SPECIAL OPERATIONS FORCE (SOF) UNIT SOF UNIT GROUND SOF UNIT SPECIAL FORCES,S*F*GS----
SPECIAL OPERATIONS FORCE (SOF) UNIT SOF UNIT GROUND SOF UNIT RANGER,S*F*GSR---
SPECIAL OPERATIONS FORCE (SOF) UNIT SOF UNIT GROUND SOF UNIT PSYCHOLOGICAL OPERATIONS (PSYOPS),S*F*GSP---
SPECIAL OPERATIONS FORCE (SOF) UNIT SOF UNIT GROUND SOF UNIT PSYCHOLOGICAL OPERATIONS (PSYOPS) SOF UNIT FIXED AVIATION,S*F*GSPA--
SPECIAL OPERATIONS FORCE (SOF) UNIT SOF UNIT GROUND SOF UNIT CIVIL AFFAIRS,S*F*GCA---
SPECIAL OPERATIONS FORCE (SOF) UNIT SOF UNIT SUPPORT,S*F*GB----
SUBSURFACE TRACK,S*U*------
SUBSURFACE TRACK SUBMARINE,S*U*S-----
SUBSURFACE TRACK SUBMARINE NUCLEAR PROPULSION,S*U*SN----
SUBSURFACE TRACK SUBMARINE CONVENTIONAL PROPULSION,S*U*SC----
SUBSURFACE TRACK SUBMARINE OTHER SUBMERSIBLE,S*U*SO----
SUBSURFACE TRACK UNDERWATER WEAPON,S*U*W-----
SUBSURFACE TRACK UNDERWATER WEAPON TORPEDO,S*U*WT----
SUBSURFACE TRACK UNDERWATER WEAPON SEA MINE,S*U*WM----
SUBSURFACE TRACK UNDERWATER WEAPON SEA MINE SEA MINE DEALT,S*U*WMD---
SUBSURFACE TRACK UNDERWATER WEAPON SEA MINE SEA MINE (GROUND),S*U*WMG---
SUBSURFACE TRACK UNDERWATER WEAPON SEA MINE SEA MINE (GROUND) SEA MINE (GROUND) DEALT,S*U*WMGD--
SUBSURFACE TRACK UNDERWATER WEAPON SEA MINE SEA MINE (MOORED),S*U*WMM---
SUBSURFACE TRACK UNDERWATER WEAPON SEA MINE SEA MINE (MOORED) SEA MINE (MOORED DEALT,S*U*WMMD--
SUBSURFACE TRACK UNDERWATER WEAPON SEA MINE SEA MINE (FLOATING),S*U*WMF---
SUBSURFACE TRACK UNDERWATER WEAPON SEA MINE SEA MINE (FLOATING) SEA MINE (FLOATING) DEALT,S*U*WMFD--
SUBSURFACE TRACK UNDERWATER WEAPON SEA MINE SEA MINE (IN OTHER POSITION),S*U*WMO---
SUBSURFACE TRACK UNDERWATER WEAPON SEA MINE SEA MINE (IN OTHER POSITION) SEA MINE (IN OTHER POSITION) DEALT,S*U*WMOD--
SUBSURFACE TRACK UNDERWATER WEAPON DRONE (UUV),S*U*WV----
SUBSURFACE TRACK UNDERWATER DECOY,S*U*WD----
SUBSURFACE TRACK UNDERWATER DECOY SEA MINE DECOY,S*U*WDM---
SUBSURFACE TRACK NON-SUBMARINE,S*U*N-----
SUBSURFACE TRACK NON-SUBMARINE DIVER,S*U*ND----
SUBSURFACE TRACK NON-SUBMARINE BOTTOM RETURN/NOMBO,S*U*NB----
SUBSURFACE TRACK NON-SUBMARINE BOTTOM RETURN/NOMBO SEABED INSTALLATION/MANMADE,S*U*NBS---
"SUBSURFACE TRACK NON-SUBMARINE BOTTOM RETURN/NOMBO SEABED ROCK/STONE, OBSTACLE, OTHER",S*U*NBR---
SUBSURFACE TRACK NON-SUBMARINE BOTTOM RETURN/NOMBO WRECK,S*U*NBW---
SUBSURFACE TRACK NON-SUBMARINE MARINE LIFE,S*U*NM----
SUBSURFACE TRACK NON-SUBMARINE SEA ANOMALY,S*U*NA----
SEA SURFACE TRACK,S*S*------
SEA SURFACE TRACK COMBATANT,S*S*C-----
SEA SURFACE TRACK COMBATANT LINE,S*S*CL----
SEA SURFACE TRACK COMBATANT LINE CARRIER,S*S*CLCV--
SEA SURFACE TRACK COMBATANT LINE BATTLESHIP,S*S*CLBB--
SEA SURFACE TRACK COMBATANT LINE CRUISER,S*S*CLCC--
SEA SURFACE TRACK COMBATANT LINE DESTROYER,S*S*CLDD--
SEA SURFACE TRACK COMBATANT LINE FRIGATE/CORVETTE,S*S*CLFF--
SEA SURFACE TRACK COMBATANT AMPHIBIOUS WARFARE SHIP,S*S*CA----
SEA SURFACE TRACK COMBATANT AMPHIBIOUS WARFARE SHIP ASSAULT VESSEL,S*S*CALA--
SEA SURFACE TRACK COMBATANT AMPHIBIOUS WARFARE SHIP LANDING SHIP,S*S*CALS--
SEA SURFACE TRACK COMBATANT AMPHIBIOUS WARFARE SHIP LANDING CRAFT,S*S*CALC--
SEA SURFACE TRACK COMBATANT MINE WARFARE VESSEL,S*S*CM----
SEA SURFACE TRACK COMBATANT MINE WARFARE VESSEL MINELAYER,S*S*CMML--
SEA SURFACE TRACK COMBATANT MINE WARFARE VESSEL MINESWEEPER,S*S*CMMS--
SEA SURFACE TRACK COMBATANT MINE WARFARE VESSEL MINEHUNTER,S*S*CMMH--
SEA SURFACE TRACK COMBATANT MINE WARFARE VESSEL MCM SUPPORT,S*S*CMMA--
SEA SURFACE TRACK COMBATANT MINE WARFARE VESSEL MCM DRONE,S*S*CMMD--
SEA SURFACE TRACK COMBATANT PATROL,S*S*CP----
SEA SURFACE TRACK COMBATANT PATROL ANTI SUBMARINE WARFARE,S*S*CPSB--
SEA SURFACE TRACK COMBATANT PATROL ANTI SURFACE WARFARE,S*S*CPSU--
SEA SURFACE TRACK COMBATANT HOVERCRAFT,S*S*CH----
SEA SURFACE TRACK COMBATANT NAVY GROUP,S*S*G-----
SEA SURFACE TRACK COMBATANT NAVY GROUP NAVY TASK FORCE,S*S*GT----
SEA SURFACE TRACK COMBATANT NAVY GROUP NAVY TASK GROUP,S*S*GG----
SEA SURFACE TRACK COMBATANT NAVY GROUP NAVY TASK UNIT,S*S*GU----
SEA SURFACE TRACK COMBATANT NAVY GROUP NAVY TASK ELEMENT,S*S*GE----
SEA SURFACE TRACK COMBATANT NAVY GROUP CONVOY,S*S*GC----
SEA SURFACE TRACK NONCOMBATANT,S*S*N-----
SEA SURFACE TRACK NONCOMBATANT UNDERWAY REPLENISHMENT,S*S*NR----
"SEA SURFACE TRACK NONCOMBATANT UNDERWAY REPLENISHMENT UNDERWAY REPLENISHMENT, AMMO",S*S*NRA---
"SEA SURFACE TRACK NONCOMBATANT UNDERWAY REPLENISHMENT UNDERWAY REPLENISHMENT, OIL",S*S*NRO---
"SEA SURFACE TRACK NONCOMBATANT FLEET SUPPORT, TUG, OCEAN GOING",S*S*NFT---
SEA SURFACE TRACK NONCOMBATANT INTELLIGENCE,S*S*NI----
SEA SURFACE TRACK NONCOMBATANT HOSPITAL SHIP,S*S*NM----
SEA SURFACE TRACK NONCOMBATANT REPAIR SHIP,S*S*NR----
SEA SURFACE TRACK NONCOMBATANT SUBMARINE TENDER,S*S*NTS---
SEA SURFACE TRACK NONCOMBATANT HOVERCRAFT,S*S*NH----
SEA SURFACE TRACK NONCOMBATANT SERVICE & SUPPORT HARBOUR,S*S*NS----
SEA SURFACE TRACK NON MILITARY,S*S*X-----
SEA SURFACE TRACK NON MILITARY MERCHANT,S*S*XM----
SEA SURFACE TRACK NON MILITARY MERCHANT CARGO,S*S*XMC---
SEA SURFACE TRACK NON MILITARY MERCHANT ROLL ON-ROLL OFF,S*S*XME---
SEA SURFACE TRACK NON MILITARY MERCHANT OILER/TANKER,S*S*XMO---
SEA SURFACE TRACK NON MILITARY MERCHANT TUG,S*S*XMT---
SEA SURFACE TRACK NON MILITARY MERCHANT FERRY,S*S*XMF---
SEA SURFACE TRACK NON MILITARY MERCHANT PASSENGER,S*S*XMP---
SEA SURFACE TRACK NON MILITARY MERCHANT HAZARDOUS MATERIALS,S*S*XMH---
SEA SURFACE TRACK NON MILITARY MERCHANT DREDGE,S*S*XMD---
SEA SURFACE TRACK NON MILITARY FISHING,S*S*XF----
SEA SURFACE TRACK NON MILITARY FISHING DRIFTER,S*S*XFDF--
SEA SURFACE TRACK NON MILITARY FISHING DREDGE,S*S*XFDR--
SEA SURFACE TRACK NON MILITARY FISHING TRAWLER,S*S*XFTR--
SEA SURFACE TRACK NON MILITARY LEISURE CRAFT,S*S*XR----
SEA SURFACE TRACK NON MILITARY LAW ENFORCEMENT VESSEL,S*S*XL----
SEA SURFACE TRACK NON MILITARY HOVERCRAFT,S*S*XH----
SEA SURFACE TRACK OWN TRACK,S*S*O-----
SEA SURFACE TRACK EMERGENCY,S*S*E-----
SEA SURFACE TRACK EMERGENCY DITCHED AIRCRAFT,S*S*ED----
SEA SURFACE TRACK EMERGENCY PERSON IN WATER,S*S*EP----
SEA SURFACE TRACK EMERGENCY DISTRESSED VESSEL,S*S*EV----
SEA SURFACE TRACK HAZARD,S*S*Z-----
SEA SURFACE TRACK HAZARD SEA MINELIKE,S*S*ZM----
SEA SURFACE TRACK HAZARD NAVIGATIONAL,S*S*ZN----
SEA SURFACE TRACK HAZARD ICEBERG,S*S*ZI----
INSTALLATION,S*G*I-----
INSTALLATION RAW MATERIAL PRODUCTION/STORAGE,S*G*IR----
INSTALLATION RAW MATERIAL PRODUCTION/STORAGE MINE,S*G*IRM---
INSTALLATION RAW MATERIAL PRODUCTION/STORAGE PETROLEUM/GAS/OIL,S*G*IRP---
INSTALLATION RAW MATERIAL PRODUCTION/STORAGE CBRN,S*G*IRN---
INSTALLATION RAW MATERIAL PRODUCTION/STORAGE CBRN BIOLOGICAL,S*G*IRNB--
INSTALLATION RAW MATERIAL PRODUCTION/STORAGE CBRN CHEMICAL,S*G*IRNC--
INSTALLATION RAW MATERIAL PRODUCTION/STORAGE CBRN NUCLEAR,S*G*IRNN--
INSTALLATION PROCESSING FACILITY,S*G*IP----
INSTALLATION PROCESSING FACILITY DECON,S*G*IPD---
INSTALLATION EQUIPMENT MANUFACTURE,S*G*IE----
"INSTALLATION SERVICE, RESEARCH, UTILITY FACILITY",S*G*IU----
"INSTALLATION SERVICE, RESEARCH, UTILITY FACILITY TECHNOLOGICAL RESEARCH FACILITY",S*G*IUR---
"INSTALLATION SERVICE, RESEARCH, UTILITY FACILITY TELECOMMUNICATIONS FACILITY",S*G*IUT---
"INSTALLATION SERVICE, RESEARCH, UTILITY FACILITY ELECTRIC POWER FACILITY",S*G*IUE---
"INSTALLATION SERVICE, RESEARCH, UTILITY FACILITY PUBLIC WATER SERVICES",S*G*IUP---
INSTALLATION MILITARY MATERIEL FACILITY,S*G*IM----
INSTALLATION MILITARY MATERIEL FACILITY ATOMIC ENERGY PRODUCTION,S*G*IMF---
INSTALLATION MILITARY MATERIEL FACILITY AIRCRAFT PRODUCTION & ASSEMBLY,S*G*IMA---
INSTALLATION MILITARY MATERIEL FACILITY AMMUNITION AND EXPLOSIVES PRODUCTION,S*G*IME---
INSTALLATION MILITARY MATERIEL FACILITY ARMAMENT PRODUCTION,S*G*IMG---
INSTALLATION MILITARY MATERIEL FACILITY MILITARY VEHICLE PRODUCTION,S*G*IMV---
INSTALLATION MILITARY MATERIEL FACILITY ENGINEERING EQUIPMENT PRODUCTION,S*G*IMN---
INSTALLATION MILITARY MATERIEL FACILITY ENGINEERING EQUIPMENT PRODUCTION BRIDGE,S*G*IMNB--
INSTALLATION MILITARY MATERIEL FACILITY CHEMICAL & BIOLOGICAL WARFARE PRODUCTION,S*G*IMC---
INSTALLATION MILITARY MATERIEL FACILITY SHIP CONSTRUCTION,S*G*IMS---
INSTALLATION MILITARY MATERIEL FACILITY MISSILE & SPACE SYSTEM PRODUCTION,S*G*IMM---
INSTALLATION GOVERNMENT LEADERSHIP,S*G*IG----
INSTALLATION MILITARY BASE/FACILITY,S*G*IB----
INSTALLATION MILITARY BASE/FACILITY AIRPORT/AIRBASE,S*G*IBA---
INSTALLATION MILITARY BASE/FACILITY SEAPORT/NAVAL BASE,S*G*IBN---
INSTALLATION TRANSPORT FACILITY,S*G*IT----
INSTALLATION MEDICAL FACILITY,S*G*IX----
INSTALLATION MEDICAL FACILITY HOSPITAL,S*G*IXH---
SEA SURFACE INSTALLATION,S*G*IR----
SEA SURFACE INSTALLATION SEA SURFACE INSTALLATION,S*G*IRR---
GROUND TRACK EQUIPMENT,S*G*E-----
GROUND TRACK EQUIPMENT WEAPONS,S*G*EW----
GROUND TRACK EQUIPMENT WEAPONS MISSILE LAUNCHERS,S*G*EWM---
GROUND TRACK EQUIPMENT WEAPONS MISSILE LAUNCHERS AIR DEFENCE (AD) MISSILE LAUNCH,S*G*EWMA--
GROUND TRACK EQUIPMENT WEAPONS MISSILE LAUNCHERS AIR DEFENCE (AD) MISSILE LAUNCH SHORT RANGE AD MISSILE LAUNCHERS,S*G*EWMAS-
GROUND TRACK EQUIPMENT WEAPONS MISSILE LAUNCHERS AIR DEFENCE (AD) MISSILE LAUNCH INTERMEDIATE RANGE AD MISSILE LAUNCH,S*G*EWMAI-
GROUND TRACK EQUIPMENT WEAPONS MISSILE LAUNCHERS AIR DEFENCE (AD) MISSILE LAUNCH LONG RANGE AD MISSILE LAUNCH,S*G*EWMAL-
GROUND TRACK EQUIPMENT WEAPONS MISSILE LAUNCHERS AIR DEFENCE (AD) MISSILE LAUNCH AD MISSILE LAUNCH THEATRE,S*G*EWMAT-
GROUND TRACK EQUIPMENT WEAPONS MISSILE LAUNCHERS SURFACE-SURFACE (SS) MISSILE LAUNCHER,S*G*EWMS--
GROUND TRACK EQUIPMENT WEAPONS MISSILE LAUNCHERS SURFACE-SURFACE (SS) MISSILE LAUNCHER SHORT RANGE SS MISSILE LAUNCH,S*G*EWMSS-
GROUND TRACK EQUIPMENT WEAPONS MISSILE LAUNCHERS SURFACE-SURFACE (SS) MISSILE LAUNCHER INTERMEDIATE RANGE SS MISSILE LAUNCH,S*G*EWMSI-
GROUND TRACK EQUIPMENT WEAPONS MISSILE LAUNCHERS SURFACE-SURFACE (SS) MISSILE LAUNCHER LONG RANGE SS MISSILE LAUNCH,S*G*EWMSL-
GROUND TRACK EQUIPMENT WEAPONS MISSILE LAUNCHERS MISSILE LAUNCHERS ANTI TANK (AT),S*G*EWMT--
GROUND TRACK EQUIPMENT WEAPONS MISSILE LAUNCHERS MISSILE LAUNCHERS ANTI TANK (AT) MISSILE LAUNCHERS AT LIGHT,S*G*EWMTL-
GROUND TRACK EQUIPMENT WEAPONS MISSILE LAUNCHERS MISSILE LAUNCHERS ANTI TANK (AT) MISSILE LAUNCHER AT MEDIUM,S*G*EWMTM-
GROUND TRACK EQUIPMENT WEAPONS MISSILE LAUNCHERS MISSILE LAUNCHERS ANTI TANK (AT) MISSILE LAUNCHER AT HEAVY,S*G*EWMTH-
GROUND TRACK EQUIPMENT WEAPONS SINGLE ROCKET LAUNCHER,S*G*EWS---
GROUND TRACK EQUIPMENT WEAPONS SINGLE ROCKET LAUNCHER SINGLE ROCKET LAUNCHER LIGHT,S*G*EWSL--
GROUND TRACK EQUIPMENT WEAPONS SINGLE ROCKET LAUNCHER SINGLE ROCKET LAUNCHER MEDIUM,S*G*EWSM--
GROUND TRACK EQUIPMENT WEAPONS SINGLE ROCKET LAUNCHER SINGLE ROCKET LAUNCHER HEAVY,S*G*EWSH--
GROUND TRACK EQUIPMENT WEAPONS MULTIPLE ROCKET LAUNCHER,S*G*EWX---
GROUND TRACK EQUIPMENT WEAPONS MULTIPLE ROCKET LAUNCHER MULTIPLE ROCKET LAUNCHER LIGHT,S*G*EWXL--
GROUND TRACK EQUIPMENT WEAPONS MULTIPLE ROCKET LAUNCHER MULTIPLE ROCKET LAUNCHER MEDIUM,S*G*EWXM--
GROUND TRACK EQUIPMENT WEAPONS MULTIPLE ROCKET LAUNCHER MULTIPLE ROCKET LAUNCHER HEAVY,S*G*EWXH--
GROUND TRACK EQUIPMENT WEAPONS ANTITANK ROCKET LAUNCHER,S*G*EWT---
GROUND TRACK EQUIPMENT WEAPONS ANTITANK ROCKET LAUNCHER ANTITANK ROCKET LAUNCHER LIGHT,S*G*EWTL--
GROUND TRACK EQUIPMENT WEAPONS ANTITANK ROCKET LAUNCHER ANTITANK ROCKET LAUNCHER MEDIUM,S*G*EWTM--
GROUND TRACK EQUIPMENT WEAPONS ANTITANK ROCKET LAUNCHER ANTITANK ROCKET LAUNCHER HEAVY,S*G*EWTH--
GROUND TRACK EQUIPMENT WEAPONS RIFLE/AUTOMATIC WEAPON,S*G*EWR---
GROUND TRACK EQUIPMENT WEAPONS RIFLE/AUTOMATIC WEAPON RIFLE,S*G*EWRR--
GROUND TRACK EQUIPMENT WEAPONS RIFLE/AUTOMATIC WEAPON LIGHT MACHINE GUN,S*G*EWRL--
GROUND TRACK EQUIPMENT WEAPONS RIFLE/AUTOMATIC WEAPON HEAVY MACHINE GUN,S*G*EWRH--
GROUND TRACK EQUIPMENT WEAPONS GRENADE LAUNCHER,S*G*EWZ---
GROUND TRACK EQUIPMENT WEAPONS GRENADE LAUNCHER GRENADE LAUNCHER LIGHT,S*G*EWZL--
GROUND TRACK EQUIPMENT WEAPONS GRENADE LAUNCHER GRENADE LAUNCHER MEDIUM,S*G*EWZM--
GROUND TRACK EQUIPMENT WEAPONS GRENADE LAUNCHER GRENADE LAUNCHER HEAVY,S*G*EWZH--
GROUND TRACK EQUIPMENT WEAPONS MORTAR,S*G*EWO---
GROUND TRACK EQUIPMENT WEAPONS MORTAR MORTAR LIGHT,S*G*EWOL--
GROUND TRACK EQUIPMENT WEAPONS MORTAR MORTAR MEDIUM,S*G*EWOM--
GROUND TRACK EQUIPMENT WEAPONS MORTAR MORTAR HEAVY,S*G*EWOH--
GROUND TRACK EQUIPMENT WEAPONS HOWITZER,S*G*EWH---
GROUND TRACK EQUIPMENT WEAPONS HOWITZER HOWITZER LIGHT,S*G*EWHL--
GROUND TRACK EQUIPMENT WEAPONS HOWITZER HOWITZER LIGHT HOWITZER LIGHT SELF-PROPELLED,S*G*EWHLS-
GROUND TRACK EQUIPMENT WEAPONS HOWITZER HOWITZER MEDIUM,S*G*EWHM--
GROUND TRACK EQUIPMENT WEAPONS HOWITZER HOWITZER MEDIUM HOWITZER MEDIUM SELF-PROPELLED,S*G*EWHMS-
GROUND TRACK EQUIPMENT WEAPONS HOWITZER HOWITZER HEAVY,S*G*EWHH--
GROUND TRACK EQUIPMENT WEAPONS HOWITZER HOWITZER HEAVY HOWITZER HEAVY SELF-PROPELLED,S*G*EWHHS-
GROUND TRACK EQUIPMENT WEAPONS ANTITANK GUN,S*G*EWG---
GROUND TRACK EQUIPMENT WEAPONS ANTITANK GUN ANTITANK GUN RECOILLESS,S*G*EWGR--
GROUND TRACK EQUIPMENT WEAPONS ANTITANK GUN ANTITANK GUN LIGHT,S*G*EWGL--
GROUND TRACK EQUIPMENT WEAPONS ANTITANK GUN ANTITANK GUN MEDIUM,S*G*EWGM--
GROUND TRACK EQUIPMENT WEAPONS ANTITANK GUN ANTITANK GUN HEAVY,S*G*EWGH--
GROUND TRACK EQUIPMENT WEAPONS DIRECT FIRE GUN,S*G*EWD---
GROUND TRACK EQUIPMENT WEAPONS DIRECT FIRE GUN DIRECT FIRE GUN LIGHT,S*G*EWDL--
GROUND TRACK EQUIPMENT WEAPONS DIRECT FIRE GUN DIRECT FIRE GUN LIGHT DIRECT FIRE GUN LIGHT SELF-PROPELLED,S*G*EWDLS-
GROUND TRACK EQUIPMENT WEAPONS DIRECT FIRE GUN DIRECT FIRE GUN MEDIUM,S*G*EWDM--
GROUND TRACK EQUIPMENT WEAPONS DIRECT FIRE GUN DIRECT FIRE GUN MEDIUM DIRECT FIRE GUN MEDIUM SELF-PROPELLED,S*G*EWDMS-
GROUND TRACK EQUIPMENT WEAPONS DIRECT FIRE GUN DIRECT FIRE GUN HEAVY,S*G*EWDH--
GROUND TRACK EQUIPMENT WEAPONS DIRECT FIRE GUN DIRECT FIRE GUN HEAVY DIRECT FIRE GUN HEAVY SELF-PROPELLED,S*G*EWDHS-
GROUND TRACK EQUIPMENT WEAPONS AIR DEFENCE GUN,S*G*EWA---
GROUND TRACK EQUIPMENT WEAPONS AIR DEFENCE GUN AIR DEFENCE GUN LIGHT,S*G*EWAL--
GROUND TRACK EQUIPMENT WEAPONS AIR DEFENCE GUN AIR DEFENCE GUN MEDIUM,S*G*EWAM--
GROUND TRACK EQUIPMENT WEAPONS AIR DEFENCE GUN AIR DEFENCE GUN HEAVY,S*G*EWAH--
GROUND TRACK EQUIPMENT GROUND VEHICLE,S*G*EV----
GROUND TRACK EQUIPMENT GROUND VEHICLE ARMOURED VEHICLE,S*G*EVA---
GROUND TRACK EQUIPMENT GROUND VEHICLE ARMOURED VEHICLE TANK,S*G*EVAT--
GROUND TRACK EQUIPMENT GROUND VEHICLE ARMOURED VEHICLE TANK TANK LIGHT,S*G*EVATL-
GROUND TRACK EQUIPMENT GROUND VEHICLE ARMOURED VEHICLE TANK TANK LIGHT TANK LIGHT RECOVERY,S*G*EVATW-
GROUND TRACK EQUIPMENT GROUND VEHICLE ARMOURED VEHICLE TANK TANK MEDIUM,S*G*EVATM-
GROUND TRACK EQUIPMENT GROUND VEHICLE ARMOURED VEHICLE TANK TANK MEDIUM TANK MEDIUM RECOVERY,S*G*EVATX-
GROUND TRACK EQUIPMENT GROUND VEHICLE ARMOURED VEHICLE TANK TANK HEAVY,S*G*EVATH-
GROUND TRACK EQUIPMENT GROUND VEHICLE ARMOURED VEHICLE TANK TANK HEAVY TANK HEAVY RECOVERY,S*G*EVATY-
GROUND TRACK EQUIPMENT GROUND VEHICLE ARMOURED VEHICLE ARMOURED PERSONNEL CARRIER,S*G*EVAA--
GROUND TRACK EQUIPMENT GROUND VEHICLE ARMOURED VEHICLE ARMOURED PERSONNEL CARRIER ARMOURED PERSONNEL CARRIER RECOVERY,S*G*EVAAR-
GROUND TRACK EQUIPMENT GROUND VEHICLE ARMOURED VEHICLE ARMOURED INFANTRY,S*G*EVAI--
GROUND TRACK EQUIPMENT GROUND VEHICLE ARMOURED VEHICLE C2V/ACV,S*G*EVAC--
GROUND TRACK EQUIPMENT GROUND VEHICLE ARMOURED VEHICLE COMBAT SERVICE SUPPORT VEHICLE,S*G*EVAS--
GROUND TRACK EQUIPMENT GROUND VEHICLE ARMOURED VEHICLE LIGHT ARMOURED VEHICLE,S*G*EVAL--
GROUND TRACK EQUIPMENT GROUND VEHICLE UTILITY VEHICLE,S*G*EVU---
GROUND TRACK EQUIPMENT GROUND VEHICLE UTILITY VEHICLE BUS,S*G*EVUB--
GROUND TRACK EQUIPMENT GROUND VEHICLE UTILITY VEHICLE SEMI,S*G*EVUS--
GROUND TRACK EQUIPMENT GROUND VEHICLE UTILITY VEHICLE LIMITED CROSS-COUNTRY TRUCK,S*G*EVUL--
GROUND TRACK EQUIPMENT GROUND VEHICLE UTILITY VEHICLE CROSS-COUNTRY TRUCK,S*G*EVUX--
GROUND TRACK EQUIPMENT GROUND VEHICLE UTILITY VEHICLE WATER CRAFT,S*G*EVUR--
GROUND TRACK EQUIPMENT GROUND VEHICLE ENGINEER VEHICLE,S*G*EVE---
GROUND TRACK EQUIPMENT GROUND VEHICLE ENGINEER VEHICLE BRIDGE,S*G*EVEB--
GROUND TRACK EQUIPMENT GROUND VEHICLE ENGINEER VEHICLE EARTHMOVER,S*G*EVEE--
GROUND TRACK EQUIPMENT GROUND VEHICLE ENGINEER VEHICLE EARTHMOVER MULTIFUNCTIONAL EARTHMOVER/DIGGER,S*G*EVEE--
GROUND TRACK EQUIPMENT GROUND VEHICLE ENGINEER VEHICLE CONSTRUCTION VEHICLE,S*G*EVEC--
GROUND TRACK EQUIPMENT GROUND VEHICLE ENGINEER VEHICLE MINE LAYING VEHICLE,S*G*EVEM--
GROUND TRACK EQUIPMENT GROUND VEHICLE ENGINEER VEHICLE MINE LAYING VEHICLE ARMOURED VEHICLE MOUNTED,S*G*EVEMA-
GROUND TRACK EQUIPMENT GROUND VEHICLE ENGINEER VEHICLE MINE LAYING VEHICLE TRAILER MOUNTED,S*G*EVEMT-
GROUND TRACK EQUIPMENT GROUND VEHICLE ENGINEER VEHICLE MINE LAYING VEHICLE ARMOURED CARRIER WITH VOLCANO,S*G*EVEMV-
GROUND TRACK EQUIPMENT GROUND VEHICLE ENGINEER VEHICLE MINE LAYING VEHICLE ARMOURED CARRIER WITH SCATTERABLE MINES,S*G*EVEMSM
GROUND TRACK EQUIPMENT GROUND VEHICLE ENGINEER VEHICLE DOZER,S*G*EVED--
GROUND TRACK EQUIPMENT GROUND VEHICLE ENGINEER VEHICLE DRILLING VEHICLE,S*G*EVD---
GROUND TRACK EQUIPMENT GROUND VEHICLE TRAIN LOCOMOTIVE,S*G*EVST--
GROUND TRACK EQUIPMENT GROUND VEHICLE CIVILIAN VEHICLE,S*G*EVC---
GROUND TRACK EQUIPMENT SENSOR,S*G*ES----
GROUND TRACK EQUIPMENT SENSOR RADAR,S*G*ESR---
GROUND TRACK EQUIPMENT SENSOR EMPLACED SENSOR,S*G*ESE---
GROUND TRACK EQUIPMENT SPECIAL EQUIPMENT,S*G*EX----
GROUND TRACK EQUIPMENT SPECIAL EQUIPMENT LASER,S*G*EXL---
GROUND TRACK EQUIPMENT SPECIAL EQUIPMENT CBRN EQUIPMENT,S*G*EXN---
GROUND TRACK EQUIPMENT SPECIAL EQUIPMENT FLAME THROWER,S*G*EXF---
GROUND TRACK EQUIPMENT SPECIAL EQUIPMENT LAND MINES,S*G*EXM---
"GROUND TRACK EQUIPMENT SPECIAL EQUIPMENT LAND MINES LAND MINES, LETHAL",S*G*EXMC--
GROUND TRACK EQUIPMENT SPECIAL EQUIPMENT LAND MINES LESS THAN LETHAL,S*G*EXML--
GROUND TRACK,S*G*------
GROUND TRACK UNIT,S*G*U-----
GROUND TRACK UNIT COMBAT,S*G*UC----
GROUND TRACK UNIT COMBAT AIR DEFENCE,S*G*UCD---
GROUND TRACK UNIT COMBAT AIR DEFENCE SHORT RANGE,S*G*UCDS--
GROUND TRACK UNIT COMBAT AIR DEFENCE SHORT RANGE MISSILE,S*G*UCDS--
GROUND TRACK UNIT COMBAT AIR DEFENCE SHORT RANGE GUN,S*G*UCDS--
GROUND TRACK UNIT COMBAT AIR DEFENCE AIR DEFENCE MISSILE,S*G*UCDM--
GROUND TRACK UNIT COMBAT AIR DEFENCE AIR DEFENCE MISSILE AIR DEFENCE MISSILE LIGHT,S*G*UCDML-
GROUND TRACK UNIT COMBAT AIR DEFENCE AIR DEFENCE MISSILE AIR DEFENCE MISSILE LIGHT AIR DEFENCE MISSILE MOTORIZED,S*G*UCDMLA
GROUND TRACK UNIT COMBAT AIR DEFENCE AIR DEFENCE MISSILE AIR DEFENCE MISSILE MEDIUM,S*G*UCDMM-
GROUND TRACK UNIT COMBAT AIR DEFENCE AIR DEFENCE MISSILE AIR DEFENCE MISSILE HEAVY,S*G*UCDMH-
GROUND TRACK UNIT COMBAT AIR DEFENCE AIR DEFENCE MISSILE H/MAD,S*G*UCDH--
GROUND TRACK UNIT COMBAT AIR DEFENCE GUN UNIT,S*G*UCDG--
GROUND TRACK UNIT COMBAT AIR DEFENCE COMPOSITE,S*G*UCDC--
GROUND TRACK UNIT COMBAT AIR DEFENCE TARGETING UNIT,S*G*UCDT--
GROUND TRACK UNIT COMBAT AIR DEFENCE THEATRE MISSILE DEFENCE UNIT,S*G*UCDO--
GROUND TRACK UNIT COMBAT ARMOUR,S*G*UCA---
GROUND TRACK UNIT COMBAT ARMOUR ARMOUR TRACK,S*G*UCAT--
GROUND TRACK UNIT COMBAT ARMOUR ARMOUR TRACK ARMOUR TRACK AIRBORNE,S*G*UCATA-
GROUND TRACK UNIT COMBAT ARMOUR ARMOUR TRACK ARMOUR TRACK AMPHIBIOUS,S*G*UCATW-
GROUND TRACK UNIT COMBAT ARMOUR ARMOUR TRACK ARMOUR TRACK AMPHIBIOUS ARMOUR TRACK AMPHIBIOUS RECOVERY,S*G*UCATWR
"GROUND TRACK UNIT COMBAT ARMOUR ARMOUR TRACK ARMOUR TRACK, LIGHT",S*G*UCATL-
"GROUND TRACK UNIT COMBAT ARMOUR ARMOUR TRACK ARMOUR TRACK, MEDIUM",S*G*UCATM-
"GROUND TRACK UNIT COMBAT ARMOUR ARMOUR TRACK ARMOUR TRACK, HEAVY",S*G*UCATH-
"GROUND TRACK UNIT COMBAT ARMOUR ARMOUR TRACK ARMOUR TRACK, RECOVERY",S*G*UCATR-
"GROUND TRACK UNIT COMBAT ARMOUR ARMOUR, WHEELED",S*G*UCAW--
"GROUND TRACK UNIT COMBAT ARMOUR ARMOUR, WHEELED ARMOUR, WHEELED AIR ASSAULT",S*G*UCAWS-
"GROUND TRACK UNIT COMBAT ARMOUR ARMOUR, WHEELED ARMOUR, WHEELED AIRBORNE",S*G*UCAWA-
"GROUND TRACK UNIT COMBAT ARMOUR ARMOUR, WHEELED ARMOUR, WHEELED AMPHIBIOUS",S*G*UCAWA-
"GROUND TRACK UNIT COMBAT ARMOUR ARMOUR, WHEELED ARMOUR, WHEELED LIGHT",S*G*UCAWL-
"GROUND TRACK UNIT COMBAT ARMOUR ARMOUR, WHEELED ARMOUR, WHEELED MEDIUM",S*G*UCAWM-
"GROUND TRACK UNIT COMBAT ARMOUR ARMOUR, WHEELED ARMOUR, WHEELED HEAVY",S*G*UCAWH-
"GROUND TRACK UNIT COMBAT ARMOUR ARMOUR, WHEELED ARMOUR, WHEELED RECOVERY",S*G*UCAWR-
GROUND TRACK UNIT COMBAT ANTI ARMOUR,S*G*UCAA--
GROUND TRACK UNIT COMBAT ANTI ARMOUR ANTI ARMOUR DISMOUNTED,S*G*UCAAD-
GROUND TRACK UNIT COMBAT ANTI ARMOUR ANTI ARMOUR LIGHT,S*G*UCAAL-
GROUND TRACK UNIT COMBAT ANTI ARMOUR ANTI ARMOUR AIRBORNE,S*G*UCAAM-
GROUND TRACK UNIT COMBAT ANTI ARMOUR ANTI ARMOUR AIR ASSAULT,S*G*UCAAS-
GROUND TRACK UNIT COMBAT ANTI ARMOUR ANTI ARMOUR MOUNTAIN,S*G*UCAAU-
GROUND TRACK UNIT COMBAT ANTI ARMOUR ANTI ARMOUR ARCTIC,S*G*UCAAC-
GROUND TRACK UNIT COMBAT ANTI ARMOUR ANTI ARMOUR ARMOURED,S*G*UCAAA-
GROUND TRACK UNIT COMBAT ANTI ARMOUR ANTI ARMOUR ARMOURED ANTI ARMOUR ARMOURED TRACKED,S*G*UCAAAT
GROUND TRACK UNIT COMBAT ANTI ARMOUR ANTI ARMOUR ARMOURED ANTI ARMOUR ARMOURED WHEELED,S*G*UCAAAW
GROUND TRACK UNIT COMBAT ANTI ARMOUR ANTI ARMOUR ARMOURED ANTI ARMOUR ARMOURED AIR ASSAULT,S*G*UCAAAS
GROUND TRACK UNIT COMBAT ANTI ARMOUR ANTI ARMOUR MOTORIZED,S*G*UCAAO-
GROUND TRACK UNIT COMBAT ANTI ARMOUR ANTI ARMOUR MOTORIZED ANTI ARMOUR MOTORIZED AIR ASSAULT,S*G*UCAAOS
GROUND TRACK UNIT COMBAT AVIATION,S*G*UCV---
GROUND TRACK UNIT COMBAT AVIATION FIXED WING,S*G*UCVF--
GROUND TRACK UNIT COMBAT AVIATION FIXED WING UTILITY FIXED WING,S*G*UCVFU-
GROUND TRACK UNIT COMBAT AVIATION FIXED WING ATTACK FIXED WING,S*G*UCVFA-
GROUND TRACK UNIT COMBAT AVIATION FIXED WING ATTACK FIXED WING TACTICAL AIR CONTROL PARTY (TACP),S*G*UCVUTP
GROUND TRACK UNIT COMBAT AVIATION FIXED WING ATTACK FIXED WING FORWARD AIR CONTROLLER (FAC),S*G*UCVUFC
GROUND TRACK UNIT COMBAT AVIATION FIXED WING RECON FIXED WING,S*G*UCVFR-
GROUND TRACK UNIT COMBAT AVIATION ROTARY WING,S*G*UCVR--
GROUND TRACK UNIT COMBAT AVIATION ROTARY WING ATTACK ROTARY WING,S*G*UCVRA-
GROUND TRACK UNIT COMBAT AVIATION ROTARY WING SCOUT ROTARY WING,S*G*UCVRS-
GROUND TRACK UNIT COMBAT AVIATION ROTARY WING ANTISUBMARINE WARFARE ROTARY WING,S*G*UCVRW-
GROUND TRACK UNIT COMBAT AVIATION ROTARY WING UTILITY ROTARY WING,S*G*UCVRU-
GROUND TRACK UNIT COMBAT AVIATION ROTARY WING UTILITY ROTARY WING LIGHT UTILITY ROTARY WING,S*G*UCVRUL
GROUND TRACK UNIT COMBAT AVIATION ROTARY WING UTILITY ROTARY WING MEDIUM UTILITY ROTARY WING,S*G*UCVRUM
GROUND TRACK UNIT COMBAT AVIATION ROTARY WING UTILITY ROTARY WING HEAVY UTILITY ROTARY WING,S*G*UCVRUH
GROUND TRACK UNIT COMBAT AVIATION ROTARY WING C2 ROTARY WING,S*G*UCVRUC
GROUND TRACK UNIT COMBAT AVIATION ROTARY WING MEDEVAC ROTARY WING,S*G*UCVRUE
GROUND TRACK UNIT COMBAT AVIATION ROTARY WING MINE COUNTERMEASURE ROTARY WING,S*G*UCVRM-
GROUND TRACK UNIT COMBAT AVIATION PERSONNEL RECOVERY,S*G*UCVS--
GROUND TRACK UNIT COMBAT AVIATION COMPOSITE,S*G*UCVC--
GROUND TRACK UNIT COMBAT AVIATION VERTICAL/SHORT TAKEOFF AND LANDING (V/STOL),S*G*UCVV--
GROUND TRACK UNIT COMBAT AVIATION UNMANNED AERIAL VEHICLE,S*G*UCVU--
GROUND TRACK UNIT COMBAT AVIATION UNMANNED AERIAL VEHICLE UNMANNED AERIAL VEHICLE FIXED WING,S*G*UCVUF-
GROUND TRACK UNIT COMBAT AVIATION UNMANNED AERIAL VEHICLE UNMANNED AERIAL VEHICLE FIXED WING AVIATION UAV CONTROL,S*G*UCVU--
GROUND TRACK UNIT COMBAT AVIATION UNMANNED AERIAL VEHICLE UNMANNED AERIAL VEHICLE FIXED WING AVIATION UAV LAUNCHER,S*G*UCVU--
GROUND TRACK UNIT COMBAT AVIATION UNMANNED AERIAL VEHICLE UNMANNED AERIAL VEHICLE FIXED WING AVIATION UAV RECOVERY,S*G*UCVU--
GROUND TRACK UNIT COMBAT AVIATION UNMANNED AERIAL VEHICLE UNMANNED AERIAL VEHICLE ROTARY WING,S*G*UCVUR-
GROUND TRACK UNIT COMBAT AVIATION UNMANNED AERIAL VEHICLE TACTICAL AIR CONTROL PARTY (TACP),S*G*UCVUTP
GROUND TRACK UNIT COMBAT AVIATION UNMANNED AERIAL VEHICLE FORWARD AIR CONTROLLER (FAC),S*G*UCVUFC
GROUND TRACK UNIT COMBAT INFANTRY,S*G*UCI---
GROUND TRACK UNIT COMBAT INFANTRY INFANTRY LIGHT,S*G*UCIL--
GROUND TRACK UNIT COMBAT INFANTRY INFANTRY MOTORIZED,S*G*UCIM--
GROUND TRACK UNIT COMBAT INFANTRY INFANTRY MOUNTAIN,S*G*UCIO--
GROUND TRACK UNIT COMBAT INFANTRY INFANTRY AIRBORNE,S*G*UCIA--
GROUND TRACK UNIT COMBAT INFANTRY INFANTRY AIR ASSAULT,S*G*UCIS--
GROUND TRACK UNIT COMBAT INFANTRY INFANTRY MECHANIZED,S*G*UCIZ--
GROUND TRACK UNIT COMBAT INFANTRY INFANTRY NAVAL,S*G*UCIN--
GROUND TRACK UNIT COMBAT INFANTRY INFANTRY FIGHTING VEHICLE,S*G*UCII--
GROUND TRACK UNIT COMBAT INFANTRY INFANTRY ARCTIC,S*G*UCIC--
GROUND TRACK UNIT COMBAT INFANTRY INFANTRY SNIPER,S*G*UCIC--
GROUND TRACK UNIT COMBAT ENGINEER,S*G*UCE---
GROUND TRACK UNIT COMBAT ENGINEER ENGINEER COMBAT,S*G*UCEC--
GROUND TRACK UNIT COMBAT ENGINEER ENGINEER COMBAT ENGINEER COMBAT AIR ASSAULT,S*G*UCECS-
GROUND TRACK UNIT COMBAT ENGINEER ENGINEER COMBAT ENGINEER COMBAT AIRBORNE,S*G*UCECA-
GROUND TRACK UNIT COMBAT ENGINEER ENGINEER COMBAT ENGINEER COMBAT ARCTIC,S*G*UCECC-
GROUND TRACK UNIT COMBAT ENGINEER ENGINEER COMBAT ENGINEER COMBAT LIGHT,S*G*UCECL-
GROUND TRACK UNIT COMBAT ENGINEER ENGINEER COMBAT ENGINEER COMBAT MEDIUM,S*G*UCECM-
GROUND TRACK UNIT COMBAT ENGINEER ENGINEER COMBAT ENGINEER COMBAT HEAVY,S*G*UCECH-
GROUND TRACK UNIT COMBAT ENGINEER ENGINEER COMBAT ENGINEER COMBAT MECHANIZED (TRACK),S*G*UCECT-
GROUND TRACK UNIT COMBAT ENGINEER ENGINEER COMBAT ENGINEER COMBAT MOTORIZED,S*G*UCECW-
GROUND TRACK UNIT COMBAT ENGINEER ENGINEER COMBAT ENGINEER COMBAT MOUNTAIN,S*G*UCECO-
GROUND TRACK UNIT COMBAT ENGINEER ENGINEER COMBAT ENGINEER COMBAT RECON,S*G*UCECR-
GROUND TRACK UNIT COMBAT ENGINEER ENGINEER COMBAT ENGINEER COMBAT BRIDGING,S*G*UCEC--
GROUND TRACK UNIT COMBAT ENGINEER ENGINEER COMBAT ENGINEER COMBAT MINE CLEARING,S*G*UCEC--
GROUND TRACK UNIT COMBAT ENGINEER ENGINEER COMBAT ENGINEER COMBAT MINE LAYING,S*G*UCEC--
GROUND TRACK UNIT COMBAT ENGINEER ENGINEER COMBAT ENGINEER COMBAT DIVING,S*G*UCEC--
GROUND TRACK UNIT COMBAT ENGINEER ENGINEER CONSTRUCTION,S*G*UCEN--
GROUND TRACK UNIT COMBAT ENGINEER ENGINEER CONSTRUCTION ENGINEER NAVAL CONSTRUCTION,S*G*UCENN-
GROUND TRACK UNIT COMBAT FIELD ARTILLERY,S*G*UCF---
GROUND TRACK UNIT COMBAT FIELD ARTILLERY HOWITZER/GUN,S*G*UCFH--
GROUND TRACK UNIT COMBAT FIELD ARTILLERY HOWITZER/GUN SELF PROPELLED,S*G*UCFHE-
GROUND TRACK UNIT COMBAT FIELD ARTILLERY HOWITZER/GUN AIR ASSAULT,S*G*UCFHS-
GROUND TRACK UNIT COMBAT FIELD ARTILLERY HOWITZER/GUN AIRBORNE,S*G*UCFHA-
GROUND TRACK UNIT COMBAT FIELD ARTILLERY HOWITZER/GUN ARCTIC,S*G*UCFHC-
GROUND TRACK UNIT COMBAT FIELD ARTILLERY HOWITZER/GUN MOUNTAIN,S*G*UCFHO-
GROUND TRACK UNIT COMBAT FIELD ARTILLERY HOWITZER/GUN LIGHT,S*G*UCFHL-
GROUND TRACK UNIT COMBAT FIELD ARTILLERY HOWITZER/GUN MEDIUM,S*G*UCFHM-
GROUND TRACK UNIT COMBAT FIELD ARTILLERY HOWITZER/GUN HEAVY,S*G*UCFHH-
GROUND TRACK UNIT COMBAT FIELD ARTILLERY HOWITZER/GUN AMPHIBIOUS,S*G*UCFHX-
GROUND TRACK UNIT COMBAT FIELD ARTILLERY ROCKET,S*G*UCFR--
GROUND TRACK UNIT COMBAT FIELD ARTILLERY ROCKET SINGLE ROCKET LAUNCHER,S*G*UCFRS-
GROUND TRACK UNIT COMBAT FIELD ARTILLERY ROCKET SINGLE ROCKET LAUNCHER SINGLE ROCKET SELF PROPELLED,S*G*UCFRSS
GROUND TRACK UNIT COMBAT FIELD ARTILLERY ROCKET SINGLE ROCKET LAUNCHER SINGLE ROCKET TRUCK,S*G*UCFRSR
GROUND TRACK UNIT COMBAT FIELD ARTILLERY ROCKET SINGLE ROCKET LAUNCHER SINGLE ROCKET TOWED,S*G*UCFRST
GROUND TRACK UNIT COMBAT FIELD ARTILLERY ROCKET MULTI ROCKET LAUNCHER,S*G*UCFRM-
GROUND TRACK UNIT COMBAT FIELD ARTILLERY ROCKET MULTI ROCKET LAUNCHER MULTI ROCKET SELF PROPELLED,S*G*UCFRMS
GROUND TRACK UNIT COMBAT FIELD ARTILLERY ROCKET MULTI ROCKET LAUNCHER MULTI ROCKET TRUCK,S*G*UCFRMR
GROUND TRACK UNIT COMBAT FIELD ARTILLERY ROCKET MULTI ROCKET LAUNCHER MULTI ROCKET TOWED,S*G*UCFRMT
GROUND TRACK UNIT COMBAT FIELD ARTILLERY TARGET ACQUISITION,S*G*UCFT--
GROUND TRACK UNIT COMBAT FIELD ARTILLERY TARGET ACQUISITION RADAR,S*G*UCFTR-
GROUND TRACK UNIT COMBAT FIELD ARTILLERY TARGET ACQUISITION SOUND,S*G*UCFTS-
GROUND TRACK UNIT COMBAT FIELD ARTILLERY TARGET ACQUISITION FLASH (OPTICAL),S*G*UCFTF-
GROUND TRACK UNIT COMBAT FIELD ARTILLERY TARGET ACQUISITION TARGET ACQUISITION MOUNTED,S*G*UCFTC-
GROUND TRACK UNIT COMBAT FIELD ARTILLERY TARGET ACQUISITION TARGET ACQUISITION MOUNTED TARGET ACQUISITION DISMOUNTED,S*G*UCFTCD
GROUND TRACK UNIT COMBAT FIELD ARTILLERY TARGET ACQUISITION TARGET ACQUISITION MOUNTED TARGET ACQUISITION TRACKED,S*G*UCFTCM
GROUND TRACK UNIT COMBAT FIELD ARTILLERY TARGET ACQUISITION TARGET ACQUISITION NAVAL GUNFIRE,S*G*UCFTA-
GROUND TRACK UNIT COMBAT FIELD ARTILLERY MORTAR,S*G*UCFM--
GROUND TRACK UNIT COMBAT FIELD ARTILLERY MORTAR SELF PROPELLED (SP) TRACKED MORTAR,S*G*UCFMS-
GROUND TRACK UNIT COMBAT FIELD ARTILLERY MORTAR SP WHEELED MORTAR,S*G*UCFMSW
GROUND TRACK UNIT COMBAT FIELD ARTILLERY MORTAR TOWED MORTAR,S*G*UCFMT-
GROUND TRACK UNIT COMBAT FIELD ARTILLERY MORTAR TOWED MORTAR TOWED AIRBORNE MORTAR,S*G*UCFMTA
GROUND TRACK UNIT COMBAT FIELD ARTILLERY MORTAR TOWED MORTAR TOWED AIR ASSAULT MORTAR,S*G*UCFMTS
GROUND TRACK UNIT COMBAT FIELD ARTILLERY MORTAR TOWED MORTAR TOWED ARCTIC MORTAR,S*G*UCFMTC
GROUND TRACK UNIT COMBAT FIELD ARTILLERY MORTAR TOWED MORTAR TOWED MOUNTAIN MORTAR,S*G*UCFMTO
GROUND TRACK UNIT COMBAT FIELD ARTILLERY MORTAR AMPHIBIOUS MORTAR,S*G*UCFML-
GROUND TRACK UNIT COMBAT FIELD ARTILLERY ARTILLERY SURVEY,S*G*UCFS--
GROUND TRACK UNIT COMBAT FIELD ARTILLERY ARTILLERY SURVEY AIR ASSAULT,S*G*UCFSS-
GROUND TRACK UNIT COMBAT FIELD ARTILLERY ARTILLERY SURVEY AIRBORNE,S*G*UCFSA-
GROUND TRACK UNIT COMBAT FIELD ARTILLERY ARTILLERY SURVEY LIGHT,S*G*UCFSL-
GROUND TRACK UNIT COMBAT FIELD ARTILLERY ARTILLERY SURVEY MOUNTAIN,S*G*UCFSO-
GROUND TRACK UNIT COMBAT FIELD ARTILLERY METEOROLOGICAL,S*G*UCFO--
GROUND TRACK UNIT COMBAT FIELD ARTILLERY METEOROLOGICAL AIR ASSAULT METEOROLOGICAL,S*G*UCFOS-
GROUND TRACK UNIT COMBAT FIELD ARTILLERY METEOROLOGICAL AIRBORNE METEOROLOGICAL,S*G*UCFOA-
GROUND TRACK UNIT COMBAT FIELD ARTILLERY METEOROLOGICAL LIGHT METEOROLOGICAL,S*G*UCFOL-
GROUND TRACK UNIT COMBAT FIELD ARTILLERY METEOROLOGICAL MOUNTAIN METEOROLOGICAL,S*G*UCFOO-
GROUND TRACK UNIT COMBAT FIELD ARTILLERY FIRE DIRECTION CENTRE,S*G*UCF---
GROUND TRACK UNIT COMBAT FIELD ARTILLERY OBERSERVER,S*G*UCF---
GROUND TRACK UNIT COMBAT RECONNAISSANCE,S*G*UCR---
GROUND TRACK UNIT COMBAT RECONNAISSANCE RECONNAISSANCE HORSE,S*G*UCRH--
GROUND TRACK UNIT COMBAT RECONNAISSANCE RECONNAISSANCE CAVALRY,S*G*UCRV--
GROUND TRACK UNIT COMBAT RECONNAISSANCE RECONNAISSANCE CAVALRY RECONNAISSANCE CAVALRY ARMOURED,S*G*UCRVA-
GROUND TRACK UNIT COMBAT RECONNAISSANCE RECONNAISSANCE CAVALRY RECONNAISSANCE CAVALRY MOTORIZED,S*G*UCRVM-
GROUND TRACK UNIT COMBAT RECONNAISSANCE RECONNAISSANCE CAVALRY RECONNAISSANCE CAVALRY GROUND,S*G*UCRVG-
GROUND TRACK UNIT COMBAT RECONNAISSANCE RECONNAISSANCE CAVALRY RECONNAISSANCE CAVALRY AIR,S*G*UCRVO-
GROUND TRACK UNIT COMBAT RECONNAISSANCE RECONNAISSANCE ARCTIC,S*G*UCRC--
GROUND TRACK UNIT COMBAT RECONNAISSANCE RECONNAISSANCE AIR ASSAULT,S*G*UCRS--
GROUND TRACK UNIT COMBAT RECONNAISSANCE RECONNAISSANCE AIRBORNE,S*G*UCRA--
GROUND TRACK UNIT COMBAT RECONNAISSANCE RECONNAISSANCE MOUNTAIN,S*G*UCRO--
GROUND TRACK UNIT COMBAT RECONNAISSANCE RECONNAISSANCE LIGHT,S*G*UCRLL--
GROUND TRACK UNIT COMBAT RECONNAISSANCE RECONNAISSANCE MARINE,S*G*UCRR--
GROUND TRACK UNIT COMBAT RECONNAISSANCE RECONNAISSANCE MARINE RECONNAISSANCE MARINE DIVISION,S*G*UCRRD-
GROUND TRACK UNIT COMBAT RECONNAISSANCE RECONNAISSANCE MARINE RECONNAISSANCE MARINE FORCE,S*G*UCRRF-
GROUND TRACK UNIT COMBAT RECONNAISSANCE RECONNAISSANCE MARINE RECONNAISSANCE MARINE LIGHT ARMOURED RECONNAISSANCE (LAR),S*G*UCRRL-
GROUND TRACK UNIT COMBAT RECONNAISSANCE RECONNAISSANCE LONG RANGE SURVEILLANCE (LRS),S*G*UCRX--
GROUND TRACK UNIT COMBAT MISSILE (SURFACE-SURFACE),S*G*UCM---
GROUND TRACK UNIT COMBAT MISSILE (SURFACE-SURFACE) MISSILE (SURFACE-SURFACE) TACTICAL,S*G*UCMT--
GROUND TRACK UNIT COMBAT MISSILE (SURFACE-SURFACE) MISSILE (SURFACE-SURFACE) STRATEGIC,S*G*UCMS--
GROUND TRACK UNIT COMBAT INTERNAL SECURITY FORCES,S*G*UCS---
GROUND TRACK UNIT COMBAT INTERNAL SECURITY FORCES RIVERINE,S*G*UCSW--
GROUND TRACK UNIT COMBAT INTERNAL SECURITY FORCES GROUND,S*G*UCSG--
GROUND TRACK UNIT COMBAT INTERNAL SECURITY FORCES GROUND DISMOUNTED GROUND,S*G*UCSGD-
GROUND TRACK UNIT COMBAT INTERNAL SECURITY FORCES GROUND MOTORIZED GROUND,S*G*UCSGM-
GROUND TRACK UNIT COMBAT INTERNAL SECURITY FORCES GROUND MECHANIZED GROUND,S*G*UCSGA-
GROUND TRACK UNIT COMBAT INTERNAL SECURITY FORCES WHEELED MECHANIZED,S*G*UCSM--
GROUND TRACK UNIT COMBAT INTERNAL SECURITY FORCES RAILROAD,S*G*UCSR--
GROUND TRACK UNIT COMBAT INTERNAL SECURITY FORCES AVIATION,S*G*UCSA--
GROUND TRACK UNIT COMBAT SUPPORT,S*G*UU----
GROUND TRACK UNIT COMBAT SUPPORT COMBAT SUPPORT CBRN,S*G*UUA---
GROUND TRACK UNIT COMBAT SUPPORT COMBAT SUPPORT CBRN CHEMICAL,S*G*UUAC--
GROUND TRACK UNIT COMBAT SUPPORT COMBAT SUPPORT CBRN CHEMICAL SMOKE/DECON,S*G*UUACC-
GROUND TRACK UNIT COMBAT SUPPORT COMBAT SUPPORT CBRN CHEMICAL SMOKE/DECON MECHANIZED SMOKE/DECON,S*G*UUACCK
GROUND TRACK UNIT COMBAT SUPPORT COMBAT SUPPORT CBRN CHEMICAL SMOKE/DECON MOTORIZED SMOKE/DECON,S*G*UUACCM
GROUND TRACK UNIT COMBAT SUPPORT COMBAT SUPPORT CBRN CHEMICAL SMOKE,S*G*UUACS-
GROUND TRACK UNIT COMBAT SUPPORT COMBAT SUPPORT CBRN CHEMICAL SMOKE MOTORIZED SMOKE,S*G*UUACSM
GROUND TRACK UNIT COMBAT SUPPORT COMBAT SUPPORT CBRN CHEMICAL SMOKE ARMOUR SMOKE,S*G*UUACSA
GROUND TRACK UNIT COMBAT SUPPORT COMBAT SUPPORT CBRN CHEMICAL CHEMICAL RECON,S*G*UUACR-
GROUND TRACK UNIT COMBAT SUPPORT COMBAT SUPPORT CBRN CHEMICAL CHEMICAL RECON CHEMICAL WHEELED ARMOURED VEHICLE,S*G*UUACRW
GROUND TRACK UNIT COMBAT SUPPORT COMBAT SUPPORT CBRN CHEMICAL CHEMICAL RECON CHEMICAL WHEELED ARMOURED VEHICLE RECONNAISSANCE SURVEILLANCE,S*G*UUACRS
GROUND TRACK UNIT COMBAT SUPPORT COMBAT SUPPORT CBRN NUCLEAR,S*G*UUAN--
GROUND TRACK UNIT COMBAT SUPPORT COMBAT SUPPORT CBRN BIOLOGICAL,S*G*UUAB--
GROUND TRACK UNIT COMBAT SUPPORT COMBAT SUPPORT CBRN BIOLOGICAL RECON EQUIPPED,S*G*UUABR-
GROUND TRACK UNIT COMBAT SUPPORT COMBAT SUPPORT CBRN DECONTAMINATION,S*G*UUAD--
GROUND TRACK UNIT COMBAT SUPPORT MILITARY INTELLIGENCE,S*G*UUM---
GROUND TRACK UNIT COMBAT SUPPORT MILITARY INTELLIGENCE AERIAL EXPLOITATION,S*G*UUMA--
GROUND TRACK UNIT COMBAT SUPPORT MILITARY INTELLIGENCE SIGNAL INTELLIGENCE (SIGINT),S*G*UUMS--
GROUND TRACK UNIT COMBAT SUPPORT MILITARY INTELLIGENCE SIGNAL INTELLIGENCE (SIGINT) ELECTRONIC WARFARE,S*G*UUMSE-
GROUND TRACK UNIT COMBAT SUPPORT MILITARY INTELLIGENCE SIGNAL INTELLIGENCE (SIGINT) ELECTRONIC WARFARE ARMOURED WHEELED VEHICLE,S*G*UUMSEA
GROUND TRACK UNIT COMBAT SUPPORT MILITARY INTELLIGENCE SIGNAL INTELLIGENCE (SIGINT) ELECTRONIC WARFARE DIRECTION FINDING,S*G*UUMSED
GROUND TRACK UNIT COMBAT SUPPORT MILITARY INTELLIGENCE SIGNAL INTELLIGENCE (SIGINT) ELECTRONIC WARFARE INTERCEPT,S*G*UUMSEI
GROUND TRACK UNIT COMBAT SUPPORT MILITARY INTELLIGENCE SIGNAL INTELLIGENCE (SIGINT) ELECTRONIC WARFARE JAMMING,S*G*UUMSEJ
GROUND TRACK UNIT COMBAT SUPPORT MILITARY INTELLIGENCE SIGNAL INTELLIGENCE (SIGINT) ELECTRONIC WARFARE THEATRE,S*G*UUMSET
GROUND TRACK UNIT COMBAT SUPPORT MILITARY INTELLIGENCE SIGNAL INTELLIGENCE (SIGINT) ELECTRONIC WARFARE CORPS,S*G*UUMSEC
GROUND TRACK UNIT COMBAT SUPPORT MILITARY INTELLIGENCE COUNTER INTELLIGENCE,S*G*UUMC--
GROUND TRACK UNIT COMBAT SUPPORT MILITARY INTELLIGENCE SURVEILLANCE,S*G*UUMR--
GROUND TRACK UNIT COMBAT SUPPORT MILITARY INTELLIGENCE SURVEILLANCE GROUND SURVEILLANCE RADAR,S*G*UUMRG-
GROUND TRACK UNIT COMBAT SUPPORT MILITARY INTELLIGENCE SURVEILLANCE SENSOR,S*G*UUMRS-
GROUND TRACK UNIT COMBAT SUPPORT MILITARY INTELLIGENCE SURVEILLANCE SENSOR SENSOR SCM,S*G*UUMRSS
GROUND TRACK UNIT COMBAT SUPPORT MILITARY INTELLIGENCE SURVEILLANCE GROUND STATION MODULE,S*G*UUMRX-
GROUND TRACK UNIT COMBAT SUPPORT MILITARY INTELLIGENCE SURVEILLANCE METEOROLOGICAL,S*G*UUMMO-
GROUND TRACK UNIT COMBAT SUPPORT MILITARY INTELLIGENCE OPERATIONS,S*G*UUMO--
GROUND TRACK UNIT COMBAT SUPPORT MILITARY INTELLIGENCE TACTICAL EXPLOIT,S*G*UUMT--
GROUND TRACK UNIT COMBAT SUPPORT MILITARY INTELLIGENCE INTERROGATION,S*G*UUMQ--
GROUND TRACK UNIT COMBAT SUPPORT MILITARY INTELLIGENCE JOINT INTELLIGENCE CENTRE,S*G*UUMJ--
GROUND TRACK UNIT COMBAT SUPPORT LAW ENFORCEMENT UNIT,S*G*UUL---
GROUND TRACK UNIT COMBAT SUPPORT LAW ENFORCEMENT UNIT SHORE PATROL,S*G*UULS--
GROUND TRACK UNIT COMBAT SUPPORT LAW ENFORCEMENT UNIT MILITARY POLICE,S*G*UULM--
GROUND TRACK UNIT COMBAT SUPPORT LAW ENFORCEMENT UNIT CIVILIAN LAW ENFORCEMENT,S*G*UULC--
GROUND TRACK UNIT COMBAT SUPPORT LAW ENFORCEMENT UNIT SECURITY POLICE (AIR),S*G*UULF--
GROUND TRACK UNIT COMBAT SUPPORT LAW ENFORCEMENT UNIT CENTRAL INTELLIGENCE DIVISION (CID),S*G*UULD--
GROUND TRACK UNIT COMBAT SUPPORT SIGNAL UNIT,S*G*UUS---
GROUND TRACK UNIT COMBAT SUPPORT SIGNAL UNIT AREA,S*G*UUSA--
GROUND TRACK UNIT COMBAT SUPPORT SIGNAL UNIT COMMUNICATION CONFIGURED PACKAGE,S*G*UUSC--
GROUND TRACK UNIT COMBAT SUPPORT SIGNAL UNIT COMMUNICATION CONFIGURED PACKAGE LARGE COMMUNICATION CONFIGURED PACKAGE (LCCP),S*G*UUSCL-
GROUND TRACK UNIT COMBAT SUPPORT SIGNAL UNIT COMMAND OPERATIONS,S*G*UUSO--
GROUND TRACK UNIT COMBAT SUPPORT SIGNAL UNIT FORWARD COMMUNICATIONS,S*G*UUSF--
GROUND TRACK UNIT COMBAT SUPPORT SIGNAL UNIT MULTIPLE SUBSCRIBER ELEMENT,S*G*UUSM--
GROUND TRACK UNIT COMBAT SUPPORT SIGNAL UNIT MULTIPLE SUBSCRIBER ELEMENT SMALL EXTENSION NODE,S*G*UUSMS-
GROUND TRACK UNIT COMBAT SUPPORT SIGNAL UNIT MULTIPLE SUBSCRIBER ELEMENT LARGE EXTENSION NODE,S*G*UUSML-
GROUND TRACK UNIT COMBAT SUPPORT SIGNAL UNIT MULTIPLE SUBSCRIBER ELEMENT NODE CENTRE,S*G*UUSMN-
GROUND TRACK UNIT COMBAT SUPPORT SIGNAL UNIT RADIO UNIT,S*G*UUSR--
GROUND TRACK UNIT COMBAT SUPPORT SIGNAL UNIT RADIO UNIT TACTICAL SATELLITE,S*G*UUSRS-
GROUND TRACK UNIT COMBAT SUPPORT SIGNAL UNIT RADIO UNIT TELETYPE CENTRE,S*G*UUSRT-
GROUND TRACK UNIT COMBAT SUPPORT SIGNAL UNIT RADIO UNIT RELAY,S*G*UUSRW-
GROUND TRACK UNIT COMBAT SUPPORT SIGNAL UNIT SIGNAL SUPPORT,S*G*UUSS--
GROUND TRACK UNIT COMBAT SUPPORT SIGNAL UNIT TELEPHONE SWITCH,S*G*UUSW--
GROUND TRACK UNIT COMBAT SUPPORT SIGNAL UNIT ELECTRONIC RANGING,S*G*UUSX--
GROUND TRACK UNIT COMBAT SUPPORT INFORMATION WARFARE UNIT,S*G*UUI---
GROUND TRACK UNIT COMBAT SUPPORT LANDING SUPPORT,S*G*UUX---
GROUND TRACK UNIT COMBAT SUPPORT EXPLOSIVE ORDINANCE DISPOSAL,S*G*UUE---
GROUND TRACK UNIT COMBAT SUPPORT TOPOGRAPHIC,S*G*UUT---
GROUND TRACK UNIT COMBAT SUPPORT DOG,S*G*UU----
GROUND TRACK UNIT COMBAT SUPPORT DRILLING,S*G*UUD---
GROUND TRACK UNIT COMBAT SERVICE SUPPORT,S*G*US----
GROUND TRACK UNIT COMBAT SERVICE SUPPORT ADMINISTRATIVE (ADMIN),S*G*USA---
GROUND TRACK UNIT COMBAT SERVICE SUPPORT ADMINISTRATIVE (ADMIN) ADMIN THEATRE,S*G*USAT--
GROUND TRACK UNIT COMBAT SERVICE SUPPORT ADMINISTRATIVE (ADMIN) ADMIN CORPS,S*G*USAC--
GROUND TRACK UNIT COMBAT SERVICE SUPPORT ADMINISTRATIVE (ADMIN) JUDGE ADVOCATE GENERAL (JAG),S*G*USAJ--
GROUND TRACK UNIT COMBAT SERVICE SUPPORT ADMINISTRATIVE (ADMIN) JUDGE ADVOCATE GENERAL (JAG) JAG THEATRE,S*G*USAJT-
GROUND TRACK UNIT COMBAT SERVICE SUPPORT ADMINISTRATIVE (ADMIN) JUDGE ADVOCATE GENERAL (JAG) JAG CORPS,S*G*USAJC-
GROUND TRACK UNIT COMBAT SERVICE SUPPORT ADMINISTRATIVE (ADMIN) POSTAL,S*G*USAO--
GROUND TRACK UNIT COMBAT SERVICE SUPPORT ADMINISTRATIVE (ADMIN) POSTAL POSTAL THEATRE,S*G*USAOT-
GROUND TRACK UNIT COMBAT SERVICE SUPPORT ADMINISTRATIVE (ADMIN) POSTAL POSTAL CORPS,S*G*USAOC-
GROUND TRACK UNIT COMBAT SERVICE SUPPORT ADMINISTRATIVE (ADMIN) FINANCE,S*G*USAF--
GROUND TRACK UNIT COMBAT SERVICE SUPPORT ADMINISTRATIVE (ADMIN) FINANCE FINANCE THEATRE,S*G*USAFT-
GROUND TRACK UNIT COMBAT SERVICE SUPPORT ADMINISTRATIVE (ADMIN) FINANCE FINANCE CORPS,S*G*USAFC-
GROUND TRACK UNIT COMBAT SERVICE SUPPORT ADMINISTRATIVE (ADMIN) PERSONNEL SERVICES,S*G*USAS--
GROUND TRACK UNIT COMBAT SERVICE SUPPORT ADMINISTRATIVE (ADMIN) PERSONNEL SERVICES PERSONNEL THEATRE,S*G*USAST-
GROUND TRACK UNIT COMBAT SERVICE SUPPORT ADMINISTRATIVE (ADMIN) PERSONNEL SERVICES PERSONNEL CORPS,S*G*USASC-
GROUND TRACK UNIT COMBAT SERVICE SUPPORT ADMINISTRATIVE (ADMIN) MORTUARY/GRAVES REGISTRY,S*G*USAM--
GROUND TRACK UNIT COMBAT SERVICE SUPPORT ADMINISTRATIVE (ADMIN) MORTUARY/GRAVES REGISTRY MORTUARY/GRAVES REGISTRY THEATRE,S*G*USAMT-
GROUND TRACK UNIT COMBAT SERVICE SUPPORT ADMINISTRATIVE (ADMIN) MORTUARY/GRAVES REGISTRY MORTUARY/GRAVES REGISTRY CORPS,S*G*USAMC-
GROUND TRACK UNIT COMBAT SERVICE SUPPORT ADMINISTRATIVE (ADMIN) RELIGIOUS/CHAPLAIN,S*G*USAR--
GROUND TRACK UNIT COMBAT SERVICE SUPPORT ADMINISTRATIVE (ADMIN) RELIGIOUS/CHAPLAIN RELIGIOUS/CHAPLAIN THEATRE,S*G*USART-
GROUND TRACK UNIT COMBAT SERVICE SUPPORT ADMINISTRATIVE (ADMIN) RELIGIOUS/CHAPLAIN RELIGIOUS/CHAPLAIN CORPS,S*G*USARC-
GROUND TRACK UNIT COMBAT SERVICE SUPPORT ADMINISTRATIVE (ADMIN) PUBLIC AFFAIRS,S*G*USAP--
GROUND TRACK UNIT COMBAT SERVICE SUPPORT ADMINISTRATIVE (ADMIN) PUBLIC AFFAIRS PUBLIC AFFAIRS THEATRE,S*G*USAPT-
GROUND TRACK UNIT COMBAT SERVICE SUPPORT ADMINISTRATIVE (ADMIN) PUBLIC AFFAIRS PUBLIC AFFAIRS CORPS,S*G*USAPC-
GROUND TRACK UNIT COMBAT SERVICE SUPPORT ADMINISTRATIVE (ADMIN) PUBLIC AFFAIRS PUBLIC AFFAIRS BROADCAST,S*G*USAPB-
GROUND TRACK UNIT COMBAT SERVICE SUPPORT ADMINISTRATIVE (ADMIN) PUBLIC AFFAIRS PUBLIC AFFAIRS BROADCAST PUBLIC AFFAIRS BROADCAST THEATRE,S*G*USAPBT
GROUND TRACK UNIT COMBAT SERVICE SUPPORT ADMINISTRATIVE (ADMIN) PUBLIC AFFAIRS PUBLIC AFFAIRS BROADCAST PUBLIC AFFAIRS BROADCAST CORPS,S*G*USAPBC
GROUND TRACK UNIT COMBAT SERVICE SUPPORT ADMINISTRATIVE (ADMIN) PUBLIC AFFAIRS PUBLIC AFFAIRS JOINT INFORMATION BUREAU (JIB),S*G*USAPM-
GROUND TRACK UNIT COMBAT SERVICE SUPPORT ADMINISTRATIVE (ADMIN) PUBLIC AFFAIRS PUBLIC AFFAIRS JOINT INFORMATION BUREAU (JIB) PUBLIC AFFAIRS JIB THEATRE,S*G*USAPMT
GROUND TRACK UNIT COMBAT SERVICE SUPPORT ADMINISTRATIVE (ADMIN) PUBLIC AFFAIRS PUBLIC AFFAIRS JOINT INFORMATION BUREAU (JIB) PUBLIC AFFAIRS JIB CORPS,S*G*USAPMC
GROUND TRACK UNIT COMBAT SERVICE SUPPORT ADMINISTRATIVE (ADMIN) REPLACEMENT HOLDING UNIT (RHU),S*G*USAX--
GROUND TRACK UNIT COMBAT SERVICE SUPPORT ADMINISTRATIVE (ADMIN) REPLACEMENT HOLDING UNIT (RHU) RHU THEATRE,S*G*USAXT-
GROUND TRACK UNIT COMBAT SERVICE SUPPORT ADMINISTRATIVE (ADMIN) REPLACEMENT HOLDING UNIT (RHU) RHU CORPS,S*G*USAXC-
GROUND TRACK UNIT COMBAT SERVICE SUPPORT ADMINISTRATIVE (ADMIN) LABOUR,S*G*USAL--
GROUND TRACK UNIT COMBAT SERVICE SUPPORT ADMINISTRATIVE (ADMIN) LABOUR LABOUR THEATRE,S*G*USALT-
GROUND TRACK UNIT COMBAT SERVICE SUPPORT ADMINISTRATIVE (ADMIN) LABOUR LABOUR CORPS,S*G*USALC-
"GROUND TRACK UNIT COMBAT SERVICE SUPPORT ADMINISTRATIVE (ADMIN) MORAL, WELFARE, RECREATION (MWR)",S*G*USAW--
"GROUND TRACK UNIT COMBAT SERVICE SUPPORT ADMINISTRATIVE (ADMIN) MORAL, WELFARE, RECREATION (MWR) MWR THEATRE",S*G*USAWT-
"GROUND TRACK UNIT COMBAT SERVICE SUPPORT ADMINISTRATIVE (ADMIN) MORAL, WELFARE, RECREATION (MWR) MWR CORPS",S*G*USAWC-
GROUND TRACK UNIT COMBAT SERVICE SUPPORT ADMINISTRATIVE (ADMIN) QUARTERMASTER (SUPPLY),S*G*USAQ--
GROUND TRACK UNIT COMBAT SERVICE SUPPORT ADMINISTRATIVE (ADMIN) QUARTERMASTER (SUPPLY) QUARTERMASTER (SUPPLY) THEATRE,S*G*USAQT-
GROUND TRACK UNIT COMBAT SERVICE SUPPORT ADMINISTRATIVE (ADMIN) QUARTERMASTER (SUPPLY) QUARTERMASTER (SUPPLY) CORPS,S*G*USAQC-
GROUND TRACK UNIT COMBAT SERVICE SUPPORT MEDICAL,S*G*USM---
GROUND TRACK UNIT COMBAT SERVICE SUPPORT MEDICAL MEDICAL THEATRE,S*G*USMT--
GROUND TRACK UNIT COMBAT SERVICE SUPPORT MEDICAL MEDICAL CORPS,S*G*USMC--
GROUND TRACK UNIT COMBAT SERVICE SUPPORT MEDICAL MEDICAL TREATMENT FACILITY,S*G*USMM--
GROUND TRACK UNIT COMBAT SERVICE SUPPORT MEDICAL MEDICAL TREATMENT FACILITY MEDICAL TREATMENT FACILITY THEATRE,S*G*USMMT-
GROUND TRACK UNIT COMBAT SERVICE SUPPORT MEDICAL MEDICAL TREATMENT FACILITY MEDICAL TREATMENT FACILITY CORPS,S*G*USMMC-
GROUND TRACK UNIT COMBAT SERVICE SUPPORT MEDICAL MEDICAL VETERINARY,S*G*USMV--
GROUND TRACK UNIT COMBAT SERVICE SUPPORT MEDICAL MEDICAL VETERINARY MEDICAL VETERINARY THEATRE,S*G*USMVT-
GROUND TRACK UNIT COMBAT SERVICE SUPPORT MEDICAL MEDICAL VETERINARY MEDICAL VETERINARY CORPS,S*G*USMVC-
GROUND TRACK UNIT COMBAT SERVICE SUPPORT MEDICAL MEDICAL DENTAL,S*G*USMD--
GROUND TRACK UNIT COMBAT SERVICE SUPPORT MEDICAL MEDICAL DENTAL MEDICAL DENTAL THEATRE,S*G*USMDT-
GROUND TRACK UNIT COMBAT SERVICE SUPPORT MEDICAL MEDICAL DENTAL MEDICAL DENTAL CORPS,S*G*USMDC-
GROUND TRACK UNIT COMBAT SERVICE SUPPORT MEDICAL MEDICAL PSYCHOLOGICAL,S*G*USMP--
GROUND TRACK UNIT COMBAT SERVICE SUPPORT MEDICAL MEDICAL PSYCHOLOGICAL MEDICAL PSYCHOLOGICAL THEATRE,S*G*USMPT-
GROUND TRACK UNIT COMBAT SERVICE SUPPORT MEDICAL MEDICAL PSYCHOLOGICAL MEDICAL PSYCHOLOGICAL CORPS,S*G*USMPC-
GROUND TRACK UNIT COMBAT SERVICE SUPPORT SUPPLY,S*G*USS---
GROUND TRACK UNIT COMBAT SERVICE SUPPORT SUPPLY SUPPLY THEATRE,S*G*USST--
GROUND TRACK UNIT COMBAT SERVICE SUPPORT SUPPLY SUPPLY CORPS,S*G*USSC--
GROUND TRACK UNIT COMBAT SERVICE SUPPORT SUPPLY SUPPLY CLASS I,S*G*USS1--
GROUND TRACK UNIT COMBAT SERVICE SUPPORT SUPPLY SUPPLY CLASS I SUPPLY CLASS I THEATRE,S*G*USS1T-
GROUND TRACK UNIT COMBAT SERVICE SUPPORT SUPPLY SUPPLY CLASS I SUPPLY CLASS I CORPS,S*G*USS1C-
GROUND TRACK UNIT COMBAT SERVICE SUPPORT SUPPLY SUPPLY CLASS II,S*G*USS2--
GROUND TRACK UNIT COMBAT SERVICE SUPPORT SUPPLY SUPPLY CLASS II SUPPLY CLASS II THEATRE,S*G*USS2T-
GROUND TRACK UNIT COMBAT SERVICE SUPPORT SUPPLY SUPPLY CLASS II SUPPLY CLASS II CORPS,S*G*USS2C-
GROUND TRACK UNIT COMBAT SERVICE SUPPORT SUPPLY SUPPLY CLASS III,S*G*USS3--
GROUND TRACK UNIT COMBAT SERVICE SUPPORT SUPPLY SUPPLY CLASS III SUPPLY CLASS III THEATRE,S*G*USS3T-
GROUND TRACK UNIT COMBAT SERVICE SUPPORT SUPPLY SUPPLY CLASS III SUPPLY CLASS III CORPS,S*G*USS3C-
GROUND TRACK UNIT COMBAT SERVICE SUPPORT SUPPLY SUPPLY CLASS III SUPPLY CLASS III AVIATION,S*G*USS3A-
GROUND TRACK UNIT COMBAT SERVICE SUPPORT SUPPLY SUPPLY CLASS III SUPPLY CLASS III AVIATION SUPPLY CLASS III AVIATION,S*G*USS3AT
GROUND TRACK UNIT COMBAT SERVICE SUPPORT SUPPLY SUPPLY CLASS III SUPPLY CLASS III AVIATION SUPPLY CLASS III AVIATION CORPS,S*G*USS3AC
GROUND TRACK UNIT COMBAT SERVICE SUPPORT SUPPLY SUPPLY CLASS IV,S*G*USS4--
GROUND TRACK UNIT COMBAT SERVICE SUPPORT SUPPLY SUPPLY CLASS IV SUPPLY CLASS IV THEATRE,S*G*USS4T-
GROUND TRACK UNIT COMBAT SERVICE SUPPORT SUPPLY SUPPLY CLASS IV SUPPLY CLASS IV CORPS,S*G*USS4C-
GROUND TRACK UNIT COMBAT SERVICE SUPPORT SUPPLY SUPPLY CLASS V,S*G*USS5--
GROUND TRACK UNIT COMBAT SERVICE SUPPORT SUPPLY SUPPLY CLASS V SUPPLY CLASS V THEATRE,S*G*USS5T-
GROUND TRACK UNIT COMBAT SERVICE SUPPORT SUPPLY SUPPLY CLASS V SUPPLY CLASS V CORPS,S*G*USS5C-
GROUND TRACK UNIT COMBAT SERVICE SUPPORT SUPPLY SUPPLY CLASS VI,S*G*USS6--
GROUND TRACK UNIT COMBAT SERVICE SUPPORT SUPPLY SUPPLY CLASS VI SUPPLY CLASS VI THEATRE,S*G*USS6T-
GROUND TRACK UNIT COMBAT SERVICE SUPPORT SUPPLY SUPPLY CLASS VI SUPPLY CLASS VI CORPS,S*G*USS6C-
GROUND TRACK UNIT COMBAT SERVICE SUPPORT SUPPLY SUPPLY CLASS VII,S*G*USS7--
GROUND TRACK UNIT COMBAT SERVICE SUPPORT SUPPLY SUPPLY CLASS VII SUPPLY CLASS VII THEATRE,S*G*USS7T-
GROUND TRACK UNIT COMBAT SERVICE SUPPORT SUPPLY SUPPLY CLASS VII SUPPLY CLASS VII CORPS,S*G*USS7C-
GROUND TRACK UNIT COMBAT SERVICE SUPPORT SUPPLY SUPPLY CLASS VIII,S*G*USS8--
GROUND TRACK UNIT COMBAT SERVICE SUPPORT SUPPLY SUPPLY CLASS VIII SUPPLY CLASS VIII THEATRE,S*G*USS8T-
GROUND TRACK UNIT COMBAT SERVICE SUPPORT SUPPLY SUPPLY CLASS VIII SUPPLY CLASS VIII CORPS,S*G*USS8C-
GROUND TRACK UNIT COMBAT SERVICE SUPPORT SUPPLY SUPPLY CLASS IX,S*G*USS9--
GROUND TRACK UNIT COMBAT SERVICE SUPPORT SUPPLY SUPPLY CLASS IX SUPPLY CLASS IX THEATRE,S*G*USS9T-
GROUND TRACK UNIT COMBAT SERVICE SUPPORT SUPPLY SUPPLY CLASS IX SUPPLY CLASS IX CORPS,S*G*USS9C-
GROUND TRACK UNIT COMBAT SERVICE SUPPORT SUPPLY SUPPLY CLASS X,S*G*USSX--
GROUND TRACK UNIT COMBAT SERVICE SUPPORT SUPPLY SUPPLY CLASS X SUPPLY CLASS X THEATRE,S*G*USSXT-
GROUND TRACK UNIT COMBAT SERVICE SUPPORT SUPPLY SUPPLY CLASS X SUPPLY CLASS X CORPS,S*G*USSXC-
GROUND TRACK UNIT COMBAT SERVICE SUPPORT SUPPLY SUPPLY LAUNDRY/BATH,S*G*USSL--
GROUND TRACK UNIT COMBAT SERVICE SUPPORT SUPPLY SUPPLY LAUNDRY/BATH SUPPLY LAUNDRY/BATH THEATRE,S*G*USSLT-
GROUND TRACK UNIT COMBAT SERVICE SUPPORT SUPPLY SUPPLY LAUNDRY/BATH SUPPLY LAUNDRY/BATH CORPS,S*G*USSLC-
GROUND TRACK UNIT COMBAT SERVICE SUPPORT SUPPLY SUPPLY WATER,S*G*USSW--
GROUND TRACK UNIT COMBAT SERVICE SUPPORT SUPPLY SUPPLY WATER SUPPLY WATER THEATRE,S*G*USSWT-
GROUND TRACK UNIT COMBAT SERVICE SUPPORT SUPPLY SUPPLY WATER SUPPLY WATER CORPS,S*G*USSWC-
GROUND TRACK UNIT COMBAT SERVICE SUPPORT SUPPLY SUPPLY WATER SUPPLY WATER PURIFICATION,S*G*USSWP-
GROUND TRACK UNIT COMBAT SERVICE SUPPORT SUPPLY SUPPLY WATER SUPPLY WATER PURIFICATION SUPPLY WATER PURIFICATION THEATRE,S*G*USSWPT
GROUND TRACK UNIT COMBAT SERVICE SUPPORT SUPPLY SUPPLY WATER SUPPLY WATER PURIFICATION SUPPLY WATER PURIFICATION CORPS,S*G*USSWPC
GROUND TRACK UNIT COMBAT SERVICE SUPPORT TRANSPORTATION,S*G*UST---
GROUND TRACK UNIT COMBAT SERVICE SUPPORT TRANSPORTATION TRANSPORTATION THEATRE,S*G*USTT--
GROUND TRACK UNIT COMBAT SERVICE SUPPORT TRANSPORTATION TRANSPORTATION CORPS,S*G*USTC--
GROUND TRACK UNIT COMBAT SERVICE SUPPORT TRANSPORTATION MOVEMENT CONTROL CENTRE(MCC),S*G*USTM--
GROUND TRACK UNIT COMBAT SERVICE SUPPORT TRANSPORTATION MOVEMENT CONTROL CENTRE(MCC) MCC THEATRE,S*G*USTMT-
GROUND TRACK UNIT COMBAT SERVICE SUPPORT TRANSPORTATION MOVEMENT CONTROL CENTRE(MCC) MCC CORPS,S*G*USTMC-
GROUND TRACK UNIT COMBAT SERVICE SUPPORT TRANSPORTATION RAILHEAD,S*G*USTR--
GROUND TRACK UNIT COMBAT SERVICE SUPPORT TRANSPORTATION RAILHEAD RAILHEAD THEATRE,S*G*USTRT-
GROUND TRACK UNIT COMBAT SERVICE SUPPORT TRANSPORTATION RAILHEAD RAILHEAD CORPS,S*G*USTRC-
GROUND TRACK UNIT COMBAT SERVICE SUPPORT TRANSPORTATION SPOD/SPOE,S*G*USTS--
GROUND TRACK UNIT COMBAT SERVICE SUPPORT TRANSPORTATION SPOD/SPOE SPOD/SPOE THEATRE,S*G*USTST-
GROUND TRACK UNIT COMBAT SERVICE SUPPORT TRANSPORTATION SPOD/SPOE SPOD/SPOE CORPS,S*G*USTSC-
GROUND TRACK UNIT COMBAT SERVICE SUPPORT TRANSPORTATION APOD/APOE,S*G*USTA--
GROUND TRACK UNIT COMBAT SERVICE SUPPORT TRANSPORTATION APOD/APOE APOD/APOE THEATRE,S*G*USTAT-
GROUND TRACK UNIT COMBAT SERVICE SUPPORT TRANSPORTATION APOD/APOE APOD/APOE CORPS,S*G*USTAC-
GROUND TRACK UNIT COMBAT SERVICE SUPPORT TRANSPORTATION MISSILE,S*G*USTI--
GROUND TRACK UNIT COMBAT SERVICE SUPPORT TRANSPORTATION MISSILE MISSILE THEATRE,S*G*USTIT-
GROUND TRACK UNIT COMBAT SERVICE SUPPORT TRANSPORTATION MISSILE MISSILE CORPS,S*G*USTIC-
GROUND TRACK UNIT COMBAT SERVICE SUPPORT MAINTENANCE,S*G*USX---
GROUND TRACK UNIT COMBAT SERVICE SUPPORT MAINTENANCE MAINTENANCE THEATRE,S*G*USXT--
GROUND TRACK UNIT COMBAT SERVICE SUPPORT MAINTENANCE MAINTENANCE CORPS,S*G*USXC--
GROUND TRACK UNIT COMBAT SERVICE SUPPORT MAINTENANCE MAINTENANCE HEAVY,S*G*USXH--
GROUND TRACK UNIT COMBAT SERVICE SUPPORT MAINTENANCE MAINTENANCE HEAVY MAINTENANCE HEAVY THEATRE,S*G*USXHT-
GROUND TRACK UNIT COMBAT SERVICE SUPPORT MAINTENANCE MAINTENANCE HEAVY MAINTENANCE HEAVY CORPS,S*G*USXHC-
GROUND TRACK UNIT COMBAT SERVICE SUPPORT MAINTENANCE MAINTENANCE RECOVERY,S*G*USXR--
GROUND TRACK UNIT COMBAT SERVICE SUPPORT MAINTENANCE MAINTENANCE RECOVERY MAINTENANCE RECOVERY THEATRE,S*G*USXRT-
GROUND TRACK UNIT COMBAT SERVICE SUPPORT MAINTENANCE MAINTENANCE RECOVERY MAINTENANCE RECOVERY CORPS,S*G*USXRC-
GROUND TRACK UNIT COMBAT SERVICE SUPPORT MAINTENANCE ORDINANCE,S*G*USXO--
GROUND TRACK UNIT COMBAT SERVICE SUPPORT MAINTENANCE ORDINANCE ORDINANCE THEATRE,S*G*USXOT-
GROUND TRACK UNIT COMBAT SERVICE SUPPORT MAINTENANCE ORDINANCE ORDINANCE CORPS,S*G*USXOC-
GROUND TRACK UNIT COMBAT SERVICE SUPPORT MAINTENANCE ORDINANCE ORDINANCE MISSILE,S*G*USXOM-
GROUND TRACK UNIT COMBAT SERVICE SUPPORT MAINTENANCE ORDINANCE ORDINANCE MISSILE ORDINANCE MISSILE THEATRE,S*G*USXOMT
GROUND TRACK UNIT COMBAT SERVICE SUPPORT MAINTENANCE ORDINANCE ORDINANCE MISSILE ORDINANCE MISSILE CORPS,S*G*USXOMC
GROUND TRACK UNIT COMBAT SERVICE SUPPORT MAINTENANCE ELECTRO-OPTICAL,S*G*USXE--
GROUND TRACK UNIT COMBAT SERVICE SUPPORT MAINTENANCE ELECTRO-OPTICAL ELECTRO-OPTICAL THEATRE,S*G*USXET-
GROUND TRACK UNIT COMBAT SERVICE SUPPORT MAINTENANCE ELECTRO-OPTICAL ELECTRO-OPTICAL CORPS,S*G*USXEC-
GROUND TRACK UNIT COMBAT SERVICE SUPPORT MAINTENANCE BATTLE DAMAGE REPAIR,S*G*USXBDR
GROUND TRACK UNIT COMBAT SERVICE SUPPORT MAINTENANCE PREVENTIVE MAINTANANCE,S*G*USXPM-
GROUND TRACK UNIT COMBAT SERVICE SUPPORT PIPELINE,S*G*USXP--
GROUND TRACK UNIT COMBAT SERVICE SUPPORT ENVIRONMENTAL PROTECTION,S*G*USXEP-
GROUND TRACK UNIT SPECIAL C2 HEADQUARTERS COMPONENT,S*G*UH----
GROUND TRACK UNIT UNIT GENERAL HEADQUARTERS,S*G*UH----
GROUND TRACK UNIT GENERAL HEADQUARTERS AND SERVICE,S*G*UH----
GROUND TRACK UNIT UNIT GENERAL LIAISON,S*G*UHGL--
AIR TRACK,S*A*------
AIR TRACK MILITARY,S*A*M-----
AIR TRACK MILITARY FIXED WING,S*A*MF----
AIR TRACK MILITARY FIXED WING BOMBER,S*A*MFB---
AIR TRACK MILITARY FIXED WING FIGHTER,S*A*MFF---
AIR TRACK MILITARY FIXED WING FIGHTER INTERCEPTOR,S*A*MFFI--
AIR TRACK MILITARY FIXED WING TRAINER,S*A*MFT---
AIR TRACK MILITARY FIXED WING ATTACK/STRIKE,S*A*MFA---
AIR TRACK MILITARY FIXED WING VSTOL,S*A*MFL---
AIR TRACK MILITARY FIXED WING TANKER,S*A*MFK---
AIR TRACK MILITARY FIXED WING CARGO AIRLIFT (TRANSPORT),S*A*MFC---
AIR TRACK MILITARY FIXED WING CARGO AIRLIFT (TRANSPORT) CARGO AIRLIFT (LIGHT),S*A*MFCL--
AIR TRACK MILITARY FIXED WING CARGO AIRLIFT (TRANSPORT) CARGO AIRLIFT (MEDIUM),S*A*MFCM--
AIR TRACK MILITARY FIXED WING CARGO AIRLIFT (TRANSPORT) CARGO AIRLIFT (HEAVY),S*A*MFCH--
AIR TRACK MILITARY FIXED WING ELECTRONIC COUNTERMEASURES(ECM/JAMMER),S*A*MFJ---
AIR TRACK MILITARY FIXED WING MEDEVAC,S*A*MFO---
AIR TRACK MILITARY FIXED WING RECONNAISSANCE,S*A*MFR---
AIR TRACK MILITARY FIXED WING RECONNAISSANCE AIRBORNE EARLY WARNING (AEW),S*A*MFRW--
AIR TRACK MILITARY FIXED WING RECONNAISSANCE ELECTRONIC SURVEILLANCE MEASURES,S*A*MFRZ--
AIR TRACK MILITARY FIXED WING RECONNAISSANCE PHOTOGRAPHIC,S*A*MFRX--
AIR TRACK MILITARY FIXED WING PATROL,S*A*MFP---
AIR TRACK MILITARY FIXED WING PATROL ANTI SURFACE WARFARE/ASUW,S*A*MFPN--
AIR TRACK MILITARY FIXED WING PATROL MINE COUNTER MEASURES,S*A*MFPM--
AIR TRACK MILITARY FIXED WING UTILITY,S*A*MFU---
AIR TRACK MILITARY FIXED WING UTILITY UTILITY (LIGHT),S*A*MFUL--
AIR TRACK MILITARY FIXED WING UTILITY UTILITY (MEDIUM),S*A*MFUM--
AIR TRACK MILITARY FIXED WING UTILITY UTILITY (HEAVY),S*A*MFUH--
AIR TRACK MILITARY FIXED WING COMMUNICATIONS (C3I),S*A*MFY---
AIR TRACK MILITARY FIXED WING SEARCH AND RESCUE (CSAR),S*A*MFH---
AIR TRACK MILITARY FIXED WING AIRBORNE COMMAND POST (C2),S*A*MFD---
AIR TRACK MILITARY FIXED WING DRONE (RPV/UAV),S*A*MFQ---
AIR TRACK MILITARY FIXED WING ANTI SUBMARINE WARFARE (ASW) CARRIER BASED,S*A*MFS---
AIR TRACK MILITARY FIXED WING SPECIAL OPERATIONS FORCE (SOF),S*A*MFM---
AIR TRACK MILITARY ROTARY WING,S*A*MH----
AIR TRACK MILITARY ROTARY WING ATTACK,S*A*MHA---
AIR TRACK MILITARY ROTARY WING ANTISUBMARINE WARFARE,S*A*MHS---
AIR TRACK MILITARY ROTARY WING UTILITY,S*A*MHU---
AIR TRACK MILITARY ROTARY WING UTILITY UTILITY (LIGHT),S*A*MHUL--
AIR TRACK MILITARY ROTARY WING UTILITY UTILITY (MEDIUM),S*A*MHUM--
AIR TRACK MILITARY ROTARY WING UTILITY UTILITY (HEAVY),S*A*MHUH--
AIR TRACK MILITARY ROTARY WING MINE COUNTER MEASURES,S*A*MHI---
AIR TRACK MILITARY ROTARY WING COMBAT SEARCH AND RESCUE (CSAR),S*A*MHH---
AIR TRACK MILITARY ROTARY WING RECONNAISSANCE,S*A*MHR---
AIR TRACK MILITARY ROTARY WING DRONE (RPV/UAV),S*A*MHQ---
AIR TRACK MILITARY ROTARY WING CARGO AIRLIFT (TRANSPORT),S*A*MHC---
AIR TRACK MILITARY ROTARY WING CARGO AIRLIFT (TRANSPORT) CARGO AIRLIFT (LIGHT),S*A*MHCL--
AIR TRACK MILITARY ROTARY WING CARGO AIRLIFT (TRANSPORT) CARGO AIRLIFT (MEDIUM),S*A*MHCM--
AIR TRACK MILITARY ROTARY WING CARGO AIRLIFT (TRANSPORT) CARGO AIRLIFT (HEAVY),S*A*MHCH--
AIR TRACK MILITARY ROTARY WING TRAINER,S*A*MHT---
AIR TRACK MILITARY ROTARY WING MEDEVAC,S*A*MHO---
AIR TRACK MILITARY ROTARY WING SPECIAL OPERATIONS FORCE (SOF),S*A*MHM---
AIR TRACK MILITARY ROTARY WING AIRBORNE COMMAND POST (C2),S*A*MHD---
AIR TRACK MILITARY ROTARY WING TANKER,S*A*MHK---
AIR TRACK MILITARY ROTARY WING ELECTRONIC COUNTER MEASURES (ECM/JAMMER),S*A*MHJ---
AIR TRACK MILITARY LIGHTER THAN AIR,S*A*ML----
AIR TRACK WEAPON,S*A*W-----
AIR TRACK WEAPON MISSILE IN FLIGHT,S*A*WM----
AIR TRACK WEAPON MISSILE IN FLIGHT SURFACE/LAND LAUNCHED MISSILE,S*A*WMS---
AIR TRACK WEAPON MISSILE IN FLIGHT SURFACE/LAND LAUNCHED MISSILE SURFACE TO SURFACE MISSILE (SSM),S*A*WMSS--
AIR TRACK WEAPON MISSILE IN FLIGHT SURFACE/LAND LAUNCHED MISSILE SURFACE TO AIR MISSILE (SAM),S*A*WMSA--
AIR TRACK WEAPON MISSILE IN FLIGHT AIR LAUNCHED MISSILE,S*A*WMA---
AIR TRACK WEAPON MISSILE IN FLIGHT AIR LAUNCHED MISSILE AIR TO SURFACE MISSILE (ASM),S*A*WMAS--
AIR TRACK WEAPON MISSILE IN FLIGHT AIR LAUNCHED MISSILE AIR TO AIR MISSILE (AAM),S*A*WMAA--
AIR TRACK WEAPON MISSILE IN FLIGHT SUBSURFACE TO SURFACE MISSILE (S/SSM),S*A*WMU---
AIR TRACK WEAPON MISSILE IN FLIGHT LAND ATTACK MISSILE,S*A*WML---
AIR TRACK WEAPON DECOY,S*A*WD----
AIR TRACK CIVIL AIRCRAFT,S*A*C-----
AIR TRACK CIVIL AIRCRAFT FIXED WING,S*A*CF----
AIR TRACK CIVIL AIRCRAFT ROTARY WING,S*A*CH----
AIR TRACK CIVIL AIRCRAFT LIGHTER THAN AIR,S*A*CL----
SPACE TRACK,S*P*------
SPACE TRACK SATELLITE,S*P*S-----
SPACE TRACK CREWED SPACE VEHICLE,S*P*V-----
SPACE TRACK SPACE STATION,S*P*T-----
